nameseq,average,median,maximum,minimum,peak,none_levated_peak,sample_standard_deviation,population_standard_deviation,percentile15,percentile25,percentile50,percentile75,amplitude,variance,interquartile_range,semi_interquartile_range,coefficient_of_variation,skewness,kurtosis,label
NC_007438.1,751.0,434.24878553143776,10000.0,2.373762821929546,0.21837549933422104,6.878310135797334,881.2269855150828,882.1239088877279,106.02402374929713,204.77443983911718,434.24878553143776,1068.924036075996,9997.62623717807,778142.5906313645,864.1495962368788,432.0747981184394,1.1734047743210156,1.0783301680783839,0.2694895899845263,mRNA
NC_007438.1,629.9999999999995,447.3637270026253,6084.0,5.093405151961038,0.21587301587301602,6.115321773846194,658.1549969422097,658.9630451249105,101.09307308814057,187.11795503636927,447.3637270026253,917.3755789269939,6078.906594848039,434232.2948402949,730.2576238906246,365.1288119453123,1.0446904713368415,0.8324920748724981,0.2602436320092132,mRNA
NC_007438.1,739.2500000000003,511.7722237174653,5407.6054032157135,1.6365684587182459,0.22590463307406144,7.033187379292749,802.3978128085844,803.1998098231848,105.09274948338656,186.83763542929108,511.7722237174653,1015.4646522256717,5405.968834756995,645129.9345000001,828.6270167963805,414.31350839819027,1.0854214579757646,0.8504925087705875,0.23735529931259458,mRNA
NC_007438.1,672.0,429.06487820890385,4364.824125839068,1.3943884913106668,0.21825396825396823,6.456778883913492,732.7523456120765,733.5864407547522,111.14952799698132,192.5917179310034,429.06487820890385,892.4574203594291,4363.4297373477575,538149.0660592256,699.8657024284257,349.93285121421286,1.0904052762084473,0.9946134867224599,0.24019460288098357,mRNA
NC_007438.1,609.9999999999999,396.1876058551169,9604.0,3.366546112524499,0.23606557377049184,6.59320536800815,716.6896120357821,717.5205567925935,107.84886997879111,173.68438366136135,396.1876058551169,848.9203845452719,9600.633453887476,514835.74941995344,675.2360008839105,337.61800044195525,1.174901003337348,0.8949999716231746,0.28598600438529004,mRNA
NC_007438.1,522.5000000000001,328.21753324160846,3568.6199394937476,4.297113986123874,0.2360446570972886,6.027140397539161,537.964915212879,538.6933717621629,115.77815539360013,191.0344418537487,328.21753324160846,751.1010441881317,3564.3228255076237,290190.54878048785,560.066602334383,280.0333011671915,1.0295979238523998,1.0834301341836308,0.2746813498114116,mRNA
NC_007438.1,651.4999999999992,471.51374582425484,3417.5748571016875,2.0656829626248268,0.22409823484267102,6.4214096149578035,651.2290303725717,651.9737179004626,128.69223500008692,206.29399035881528,471.51374582425484,835.1378796070966,3415.5091741390625,425069.7288329519,628.8438892482814,314.4219446241407,0.9995840834575174,0.8291380410641702,0.21416743826931106,mRNA
NC_007438.1,722.9999999999991,485.4953727665471,14400.0,2.063022235318386,0.21576763485477204,6.615307820586289,945.2793237979978,946.2908589443457,122.22848969193227,227.09719136499348,485.4953727665471,866.6889475489579,14397.93697776468,895466.3897216275,639.5917561839644,319.7958780919822,1.3074402818782835,0.7537601466173792,0.2028179073155805,mRNA
NC_007438.1,687.4999999999995,455.403700968064,7056.0,1.0262436051990091,0.22400000000000014,6.72862638743569,777.2446526030269,778.0871944792442,92.03837933272362,187.9868499415449,455.403700968064,940.1876079058004,7054.973756394801,605419.6822125813,752.2007579642554,376.1003789821277,1.1305376765134945,0.8958426343158542,0.2587803600451358,mRNA
NC_007438.1,687.0000000000001,402.9298786824944,8836.0,3.4929530231014536,0.2115477923338185,6.420032275283649,862.4586946631125,863.4494574190439,102.58800166830898,176.528480318111,402.9298786824944,926.8820410450762,8832.507046976898,745544.9655172414,750.3535607269653,375.17678036348264,1.2553983910671214,0.9881173083719696,0.2620279844121723,mRNA
NC_007438.1,586.9999999999999,167.60400536433662,15129.0,1.0,0.2430437251561613,7.849843621435344,1195.2380516031105,1196.6368093100698,26.927981825205176,45.08548586930317,167.60400536433662,621.6289566290941,15128.0,1431939.6533957843,576.5434707597909,288.27173537989546,2.0361806671262532,1.0526672759618452,0.16780488089972806,mRNA
NC_007438.1,554.5,336.8329342434909,3437.2245502247088,8.758997088903673,0.22242260294559663,6.0548718876484084,625.3880795154317,626.2349154883443,74.51686033372408,119.52614213169174,336.8329342434909,716.2303091350251,3428.4655531358053,392170.1693766938,596.7041670033334,298.3520835016667,1.127841441867325,1.0441535722514745,0.22491821286912017,mRNA
NC_007438.1,679.4999999999998,449.660167580917,3662.9980137346156,0.08457287340700766,0.23448614177091007,6.895291798587537,642.7015248153687,643.3748634231026,102.41383106933031,210.9727964526664,449.660167580917,991.3353865209381,3662.9134408612085,413931.2148846959,780.3625900682716,390.1812950341358,0.9458447752985562,1.0728455910468382,0.2606685870395114,mRNA
NC_007438.1,624.7500000000001,393.3822346388427,4440.841087641299,1.1244780839556563,0.22355608910230754,6.4122830580077075,683.2979767275767,684.1148305479119,98.16688455301822,160.59122449662925,393.3822346388427,818.5606890017164,4439.716609557343,468013.1013755981,657.9694645050871,328.98473225254355,1.093714248463508,1.015813480683265,0.21294006799419923,mRNA
NC_007438.1,695.2499999999998,418.2602307284108,34782.25,1.7587257355717638,0.24020136641495873,7.452422872288826,1646.4586997553263,1648.1043360479334,101.57181034492751,169.4327829251791,418.2602307284108,844.7466443345056,34780.49127426443,2716247.9025,675.3138614093265,337.65693070466324,2.368153469622908,0.5047009730266868,0.2365873265335159,mRNA
NC_007438.1,584.7499999999997,420.29787160575404,3114.4802787300573,2.525090823031912,0.24340886418697466,6.647604692622085,585.2551793875899,585.941695963067,85.90994890289207,164.83059752633878,420.29787160575404,804.7429470129472,3111.9551879070254,343327.6710680752,639.9123494866084,319.9561747433042,1.0008639237068666,0.8429765383690995,0.25819405712393134,mRNA
NC_007438.1,740.9999999999992,471.4680733001212,14400.0,2.044057349108056,0.22492127755285674,6.987123033567097,946.0681793612974,947.0156690122448,129.61480599115933,208.20159552535384,471.4680733001212,932.7009736931036,14397.955942650891,896838.6773547095,724.4993781677498,362.2496890838749,1.2767451813242894,0.854690811655379,0.2132077769125837,mRNA
NC_007438.1,724.4999999999998,439.6870147759051,13689.0,1.3050837445255827,0.22912353347135964,7.136070727250499,953.9498152418711,954.9090410400142,118.32133432763382,183.40672865091148,439.6870147759051,887.7204741197297,13687.694916255474,911851.2766599597,704.3137454688183,352.15687273440915,1.316700918208242,0.8956854354604006,0.2201132032526062,mRNA
NC_007438.1,676.5000000000001,484.7459179467079,11664.0,1.0,0.20990391722099036,6.320876535251913,905.6468682659926,906.711709160862,88.0469170529221,171.6954074289963,484.7459179467079,812.6567732267729,11663.0,822126.1235294117,640.9613657977766,320.4806828988883,1.3387241216053103,0.6351948715522081,0.23162006662450493,mRNA
NC_007438.1,633.2500000000001,440.52572189131655,5112.25,0.005829188448347694,0.23003026714041316,6.566359384757204,703.359260975499,704.1654036595445,100.49659844312214,192.80646595539451,440.52572189131655,826.2023075312806,5112.244170811552,495848.91571100923,633.395841575886,316.697920787943,1.1107134006719286,0.8220163811082469,0.23510811525031303,mRNA
NC_007438.1,743.2500000000003,481.19336496403605,7310.250000000005,4.049096110918034,0.22827671263594562,7.169528800377299,829.5539464073452,830.3700350910826,96.42562237591359,180.95339515157883,481.19336496403605,1014.8342541867128,7306.2009038890865,689514.3951771659,833.8808590351339,416.94042951756694,1.1161169813755059,0.9477019650291086,0.2308763991083641,mRNA
NC_007438.1,573.7499999999998,237.22012785806947,4813.466231362948,0.44424876437340044,0.2271604938271606,6.926951863212069,845.2889298932052,846.3719398567766,24.795965812507955,46.3948496518978,237.22012785806947,777.0808417744519,4813.021982598574,716345.4605769231,730.6859921225541,365.34299606127706,1.4732704660448028,1.1943722208137086,0.24239297870535895,mRNA
NC_007438.1,633.4999999999994,438.2110392679726,4356.0,3.8073225890533795,0.23046566692975554,6.5338121216711285,670.1829973969794,670.9493589937291,125.5519981549786,207.64745058554035,438.2110392679726,787.2623070230634,4352.192677410947,450173.0423340959,579.614856437523,289.8074282187615,1.0579052839731335,0.8741894146399021,0.22191869022920863,mRNA
NC_007438.1,565.4999999999998,368.04377679842025,16384.0,1.6842288640271603,0.24403183023872688,6.657821618181158,918.3045518780792,919.4156285722763,107.55009719865359,149.22913749147125,368.04377679842025,777.034620135211,16382.315771135973,845325.0980629539,627.8054826437397,313.9027413218698,1.6238807283432,0.6450677701566983,0.2680552840104868,mRNA
NC_007438.1,617.0000000000001,391.9586624578245,4225.0,6.74764706707371,0.2355483522420313,6.648758011366384,660.3181051584154,661.0766557878037,100.55678212241966,190.55938929851624,391.9586624578245,782.9155876873073,4218.252352932926,437022.34482758626,592.356198388791,296.1780991943955,1.0702076258645303,1.022422386047645,0.2055648515672556,mRNA
NC_007438.1,558.4999999999994,417.133643435445,3128.678583574956,4.499691903569733,0.2208296031035514,5.765663103756714,527.9131083805365,528.6279538107453,127.10447588251868,197.65217244582325,417.133643435445,747.0470032696826,3124.1788916713863,279447.51355013554,549.3948308238594,274.6974154119297,0.9452338556500216,0.8033501403188482,0.2598561764304771,mRNA
NC_007438.1,712.9999999999997,534.7220676854496,3817.0003849716722,3.3098428366127117,0.23375409069658729,7.013081885569292,675.0096295609419,675.6856533954297,127.82246417628235,190.84297891552418,534.7220676854496,962.9528768771014,3813.6905421350593,456551.10220440873,772.1098979615772,386.0549489807886,0.9467175730167493,0.792335062377601,0.2548114019171256,mRNA
NC_007438.1,526.7500000000001,317.53145312289985,3660.25,2.91044653233507,0.23983546907134942,6.331331563971428,576.4595605938026,577.2215695987571,71.21865294419136,124.58108723041249,317.53145312289985,677.2905228315733,3657.339553467665,333184.7404100529,552.7094356011607,276.3547178005804,1.094370309622786,1.088811225517297,0.21170805763332592,mRNA
NC_007438.1,581.2500000000001,295.17720468677095,5261.050276284888,6.6214936088170555,0.24602150537634404,7.073887905470599,759.2040239619387,760.0904270939169,55.574313257790195,100.6217935674168,295.17720468677095,727.4165314229062,5254.428782676071,577737.457359813,626.7947378554894,313.3973689277447,1.306157460579679,1.1304186474948303,0.20394002135734768,mRNA
NC_007438.1,707.4999999999998,402.46863501697084,7744.0,8.16499454581678,0.21766784452296828,6.671883212624523,809.4376134082231,810.3150528131747,94.76155783512276,152.4920743181147,402.46863501697084,967.7099736197098,7735.835005454183,656610.4848156181,815.217899301595,407.6089496507975,1.1440814323791144,1.1305307287315027,0.23777492109102716,mRNA
NC_047072.1,471.24999999999994,331.3278277141041,2537.7911263192595,14.413870004188515,0.2694960212201592,6.5814270018960865,468.3980678867068,469.0139761973208,83.1476987616141,146.2864835468491,331.3278277141041,638.0854061394957,2523.377256315071,219974.10986842102,491.7989225926466,245.8994612963233,0.993948154666752,0.8961747403262518,0.22987379212100542,mRNA
NC_047072.1,550.7500000000002,444.0462847268276,3320.317813157263,0.12918230084939517,0.2390679376607655,6.188992960990248,480.4181772164746,481.0274585991905,107.6166523606619,191.87311652098455,444.0462847268276,806.6547835727847,3320.1886308564135,231387.41592639592,614.7816670518001,307.39083352590006,0.8722980975333171,0.6663177227685892,0.30392875674735037,mRNA
NC_047072.1,729.2499999999994,485.3028775231984,9103.449427046777,3.2244178845509364,0.2326591246714663,7.167754589447185,863.037513669018,863.8865424170536,116.48825851832541,197.06989202775063,485.3028775231984,986.6994732566433,9100.225009162226,746299.9581692918,789.6295812288927,394.81479061444634,1.1834590519972832,0.8479832635769646,0.24715931503564417,mRNA
NC_047072.1,602.9999999999993,184.35758785967525,29584.0,0.6667243032013652,0.26755113322277535,9.26803061407264,2028.842280710849,2030.941445556593,36.8577176507294,66.71265529230692,184.35758785967525,379.4317021269706,29583.333275696798,4124723.155279503,312.7190468346637,156.35952341733184,3.3645808967012463,0.6190364072957563,0.16472492168798422,mRNA
NC_047072.1,814.9999999999994,534.0993355964922,3589.1527102033374,0.653350378249997,0.19795501022494902,6.337701920288569,751.8370834163475,752.614980244622,150.7104192069173,238.24494213291408,534.0993355964922,1205.0521941356028,3588.4993598250876,566429.3084886126,966.8072520026888,483.4036260013444,0.9224994888544147,1.1208571800971616,0.2648149125179043,mRNA
NC_047072.1,740.2499999999993,520.0386627663164,3982.0533123733667,4.44162700787243,0.22379826635145803,6.864302662058937,736.2832335453525,737.0250808202287,122.20545420340542,234.32747149897756,520.0386627663164,957.6027004800691,3977.6116853654944,543205.9697580646,723.2752289810915,361.63761449054573,0.9946413151575186,0.8972552702578361,0.20788343339836368,mRNA
NC_047072.1,733.9999999999998,490.52962663043036,4362.42380721586,2.126046913709963,0.2216167120799274,6.8670614795150655,797.4440419239459,798.2623531109622,105.59979680298883,208.40307373090172,490.52962663043036,963.8760445892354,4360.29776030215,637222.7843942505,755.4729708583337,377.73648542916686,1.086436024419545,0.9159402813349621,0.21553081697289458,mRNA
NC_047072.1,695.2500000000002,444.3058113451677,5115.702133640272,11.219389612451758,0.22485916337049017,6.761036524624838,778.3843844785172,779.2155479662272,115.82967452973145,167.91514383048187,444.3058113451677,952.5293482830817,5104.48274402782,607176.8701923076,784.6142044525999,392.30710222629995,1.1195748068730915,0.9671732642335341,0.23279435141507213,mRNA
NC_047072.1,655.2499999999999,477.7464939036793,4545.230328525874,3.75464936414284,0.20602823349866467,5.940169323385796,659.8956356879472,660.7118334466514,100.75226760648006,243.52677889891078,477.7464939036793,884.5781056308972,4541.475679161731,436540.1268564356,641.0513267319864,320.5256633659932,1.0070898675130826,0.8069617216574173,0.22618808885658498,mRNA
NC_047072.1,662.7499999999999,472.6953651418647,5633.260472541609,7.7188131948991785,0.2429271972840438,7.092329869401094,695.6573330311411,696.3785953638386,112.41453462459336,184.3826948833156,472.6953651418647,917.4015112090117,5625.54165934671,484943.1480809128,733.0188163256961,366.50940816284805,1.04965270921334,0.8196045344481147,0.24862577339877442,mRNA
NC_047072.1,771.5000000000006,533.2122534001721,5040.0972335137,0.9999999999999458,0.21689349751566198,6.824361987396998,793.9693004140648,794.7612899380741,120.72387343253246,202.71876541860507,533.2122534001721,1058.4513309276517,5039.0972335137,631645.5079840315,855.7325655090467,427.86628275452335,1.0291241742243218,0.9003663484553814,0.25937198684284285,mRNA
NC_047072.1,655.9999999999998,376.0081708834774,3636.4182051955795,0.23910603293832156,0.2317073170731708,6.957812866180426,711.0147677791228,711.7956738549914,58.24758943830616,129.0356323973653,376.0081708834774,953.5181157733989,3636.1790991626413,506653.0813186813,824.4824833760335,412.24124168801677,1.0838639752730534,1.1813755851699919,0.25026105035137985,mRNA
NC_047072.1,591.7500000000002,363.18262592168134,4694.944957354745,1.1823330683141227,0.2337698915645683,6.623351982355896,683.8990239794175,684.7244908145582,64.3472683791849,130.9222743175871,363.18262592168134,761.1237285194701,4693.762624286432,468847.62832125596,630.201454201883,315.1007271009415,1.1557228964586688,1.0026364977757205,0.21320716945757667,mRNA
NC_047072.1,592.7500000000001,406.7241393562043,2810.6420184447848,0.3255006699096752,0.23112610712779413,6.332320229407186,566.5832904348663,567.2738248659538,87.52718312048859,183.94568858447442,406.7241393562043,847.4206549657255,2810.316517774875,321799.59237804875,663.4749663812511,331.73748319062554,0.9558554035172774,0.9849877173452282,0.2755369322331281,mRNA
NC_047072.1,758.7500000000006,545.8620819671721,3960.8761091534802,3.2122508166218133,0.2121911037891267,6.58882520513463,727.5212196218058,728.2755186524291,110.7898456368446,223.17569582204672,545.8620819671721,1087.9771607003415,3957.6638583368585,530385.2310684647,864.8014648782948,432.4007324391474,0.9588418051028735,0.8778627164036369,0.24177201074267876,mRNA
NC_047072.1,542.0000000000001,405.65413670301746,3136.0,2.3635950263378795,0.2558425584255842,6.608250895771799,506.059285064507,506.6686281932015,108.76976727421332,191.50377150597006,405.65413670301746,725.4375468392705,3133.636404973662,256713.09879518067,533.9337753333004,266.9668876666502,0.9336887178311934,0.8082799821345206,0.2483292188261801,mRNA
NC_047072.1,693.4999999999994,494.33335994573645,4016.7714645406063,3.7568136928910207,0.20668108627733736,6.13756064250466,680.8019168598162,681.5949304272657,110.73730046651067,183.07705900681788,494.33335994573645,997.5276006191577,4013.014650847715,464571.64918414917,814.4505416123399,407.22527080616993,0.9816898584856766,0.8776413599402659,0.2827620474209804,mRNA
NC_047072.1,574.0000000000008,385.04050239343184,4882.9245664318205,1.3477311816150777,0.24622531939605077,6.733618379173841,662.2793972335242,663.0617712774209,81.38502500779194,166.3664002436589,385.04050239343184,744.894469843234,4881.5768352502055,439650.9125295509,578.5280695995751,289.26403479978757,1.1537968592918524,0.8559506685360798,0.24248793867015056,mRNA
NC_047072.1,560.9999999999995,335.45928092033097,5776.0,2.6503666787601596,0.2400475341651814,6.603196646247558,682.5195967882534,683.3658706369267,72.14685754744634,131.6951621497683,335.45928092033097,740.4928191887009,5773.34963332124,466988.91315136483,608.7976570389326,304.3988285194663,1.2166124719933225,0.991359311033706,0.2250308718684264,mRNA
NC_047072.1,644.7500000000001,464.21943497114853,4786.295502211863,0.5086982065176356,0.22489336952307093,6.473556248212085,690.577385236441,691.3725235369448,93.6503211988178,184.96301056297463,464.21943497114853,853.592851367406,4785.786804005345,477995.96630184323,668.6298408044313,334.31492040221565,1.0710777591879657,0.7842592396811889,0.2747810260578238,mRNA
NC_047072.1,570.0000000000001,369.78828475743916,3281.48701293743,0.7419805704563206,0.2619883040935672,7.172477447918781,606.6358050758296,607.3139895302878,89.0250074943466,127.74090037451776,369.78828475743916,758.7996943648255,3280.7450323669736,368830.2818791945,631.0587939903078,315.5293969951539,1.0642733422382973,0.9901083000740507,0.22991688671383773,mRNA
NC_047072.1,687.75,520.762628002588,3446.23572883682,1.264424017551392,0.21664849145765178,6.376842479605769,642.3385984042994,643.058305743112,94.08510845613071,177.4288111830478,520.762628002588,958.7671950183498,3444.9713048192684,413523.9845852017,781.338383835302,390.669191917651,0.933971062747073,0.7799034920783654,0.24593081964133318,mRNA
NC_047072.1,726.5000000000002,510.35872521132956,5191.893604619722,1.9443234034576158,0.21748107364074323,6.622698545884962,731.1882452556248,731.9607634269868,96.32794780328686,214.34772046684068,510.35872521132956,1045.1763718567954,5189.949281216264,535766.5591966172,830.8286513899548,415.4143256949774,1.0064531937448378,0.8868083268205739,0.27017015241858433,mRNA
NC_047072.1,543.0000000000002,350.13833176076764,2511.0,5.647417186688993,0.22836095764272552,6.087560727187855,548.7604213133451,549.4994929227615,58.80709894101872,125.51601579177671,350.13833176076764,791.2030942015024,2505.352582813311,301949.692722372,665.6870784097257,332.84353920486285,1.010608510705976,1.0543490059523128,0.2558460905450957,mRNA
NC_047072.1,593.7499999999994,401.3243472252853,9506.25,2.6904802793202487,0.2195087719298248,6.15917349439297,766.6507516464065,767.6330079770524,86.77827263714701,152.13236078404626,401.3243472252853,788.9028543687712,9503.55951972068,589260.4349358975,636.7704935847249,318.38524679236247,1.2912012659307912,0.7529855766585007,0.26269756833574054,mRNA
NC_047072.1,565.7500000000005,435.6868804733413,3366.0027802044287,5.678639072525292,0.23979967594638366,6.42669952582156,560.9958778814689,561.6863346078678,80.22710057911506,154.96915566536282,435.6868804733413,778.2664506236272,3360.3241411319036,315491.5384852216,623.2972949582644,311.6486474791322,0.9915967792867317,0.6955298139684715,0.279073924858315,mRNA
NC_047072.1,701.0000000000003,326.91292461727164,7169.502504658642,0.9615364078698023,0.22634331906799798,7.306975657911381,983.3417513763972,984.3763037418266,50.72527319137567,107.15003196449587,326.91292461727164,975.8666548116803,7168.540968250772,968996.707368421,868.7166228471845,434.3583114235922,1.4027699734328056,1.141272832743389,0.23763412735132844,mRNA
NC_047072.1,613.7500000000006,405.9712117998019,5852.25,0.23465522390840796,0.22104548540393731,6.303554207187548,682.4773805775545,683.3173530561659,73.323375202534,172.10248096644477,405.9712117998019,843.752074675105,5852.015344776091,466922.60498768487,671.6495937086602,335.8247968543301,1.1119794388228985,0.9133436247705239,0.22607714553648417,mRNA
NC_047072.1,669.4999999999995,472.8186882160843,4813.094772670564,4.000000000000028,0.2379885486681605,7.016316888386558,719.4756771427369,720.229449667059,91.81693215718514,173.17397162898817,472.8186882160843,935.8512681188023,4809.094772670564,518730.4601677147,762.6772964898141,381.33864824490706,1.0746462690705563,0.8201026860212911,0.28290248187533756,mRNA
NC_047072.1,644.5000000000003,345.8219246609982,3247.0657251444254,0.8004146125727919,0.20791311093871206,6.117031609770102,718.1296888445706,719.0245548476181,97.26136319948068,166.57470583089577,345.8219246609982,854.023499194396,3246.2653105318527,516996.3104738154,687.4487933635003,343.72439668175014,1.1142431169039104,1.2477331600907267,0.22470799544067185,mRNA
NC_000005.10,418.4999999999998,257.1588163128584,3572.862042651968,0.7218576656576904,0.29470330545599377,7.002748412612426,498.17090440932014,498.8454760174632,50.607839465679135,98.5756021883029,257.1588163128584,525.6139679921337,3572.14018498631,248846.80894308948,427.03836580383074,213.51918290191537,1.1903725314440152,0.9716014058174062,0.1918272162238357,mRNA
NC_000005.10,588.9999999999998,409.19757656237823,3350.4377660889218,4.004770047425886,0.2784380305602718,7.7366571965768,620.1080551000769,620.7392085001962,72.89125185678468,144.5145306207451,409.19757656237823,838.63636001784,3346.4329960414957,385317.16496945004,694.121829397095,347.0609146985475,1.0528150341257676,0.8698601249838817,0.28026413526656135,mRNA
NC_000005.10,351.7500000000003,253.52490301216156,1589.5748453516494,0.9535651247864415,0.3553660270078178,7.410451516486295,312.5497960325682,312.96736441654673,75.31580446421657,115.20397060323322,253.52490301216156,490.124047700343,1588.621280226863,97948.57118983955,374.9200770971098,187.4600385485549,0.8885566340655806,0.9428106967403381,0.24262349402957897,mRNA
NC_000005.10,533.7500000000001,420.0244981432787,3498.0668944405006,0.25000000000000977,0.29914129586260724,7.750130318708669,512.7756575735631,513.3117535459829,95.8426656997963,152.99943785099265,420.0244981432787,714.6387662321652,3497.8168944405006,263488.95632845187,561.6393283811725,280.81966419058625,0.9607038081003522,0.6653523827254199,0.23033159738284123,mRNA
NC_000005.10,483.9999999999993,117.88874682451444,96721.0,0.4214552385396693,0.32506887052341643,11.507601826948703,4497.80357507973,4502.575781806781,27.990849851066393,44.440600328764354,117.88874682451444,265.6670758267507,96720.57854476146,20273188.67091295,221.22647549798634,110.61323774899317,9.292982593139952,0.24419335820083812,0.23866510706756092,mRNA
NC_000005.10,433.2499999999997,270.3584670557661,5050.740506474444,0.16631135668173744,0.3239084439315255,7.719559997145702,515.8490573801603,516.4627982960723,70.59694902232968,129.11385304936502,270.3584670557661,592.0897028226531,5050.574195117762,266733.8220238094,462.975849773288,231.487924886644,1.1906498727759045,0.9473209107224696,0.24862701774564497,mRNA
NC_000005.10,547.7499999999994,354.7020215508267,4867.119342681909,2.0696937455705298,0.30123231401186706,8.12039394389541,652.4851530877925,653.1452292839911,72.90389142363026,151.72333293147665,354.7020215508267,713.7556706403033,4865.049648936339,426598.69053643727,562.0323377088266,281.0161688544133,1.1912097728668063,0.8875971086955811,0.2480554713654135,mRNA
NC_000005.10,601.7499999999998,418.19886152306736,4295.014520816169,5.829205829180016,0.27863176845312293,7.577187107836693,554.935469221422,555.4879188049429,130.46926806092543,223.38796100514418,418.19886152306736,871.8650148621056,4289.185314986989,308566.82793824683,648.4770538569614,324.2385269284807,0.9222026908540459,0.9922836905764331,0.26020680862956647,mRNA
NC_000005.10,551.9999999999998,252.37549218998862,26244.0,3.6949341694390356,0.30434782608695665,8.837578630074445,1435.97771570453,1437.4044201952418,63.832291520552246,110.38852796919997,252.37549218998862,566.9235510482446,26240.305065830562,2066131.4671968191,456.5350230790446,228.2675115395223,2.601408905261831,0.6259662065779491,0.21764089338722345,mRNA
NC_000005.10,479.5000000000001,318.20659479432777,3576.2848441901856,2.402705957985293,0.3100451859575946,7.779175388177287,531.2544117463872,531.8509918464849,64.9787065740169,122.0811175364325,318.20659479432777,609.2001588046872,3573.8821382322003,282865.47752808983,487.11904126825476,243.55952063412738,1.1079341225159272,0.9108257831240639,0.2205799879031284,mRNA
NC_000005.10,533.2500000000002,346.23540065567147,4023.198552799244,0.03885655403903216,0.2981715893108297,7.8532444836967334,579.3891179509674,579.9974006570267,71.34157480269567,127.27620837094229,346.23540065567147,808.3180401196329,4023.1596962452054,336396.98476890754,681.0418317486906,340.5209158743453,1.0865243655901868,0.9683367889565133,0.29789155882964896,mRNA
NC_000005.10,420.25000000000017,127.02329280874427,10100.25,0.0903859301156116,0.3053737854451714,8.677580042763974,1218.3825343462536,1219.967938444832,33.5052805698901,54.319253904790294,127.02329280874427,297.1420481692539,10100.159614069884,1488321.7708333335,242.8227942644636,121.4113971322318,2.899185090651405,0.722006510086569,0.21243499062844706,mRNA
NC_000005.10,489.2499999999999,338.8665343219816,3080.25,0.14870626923705152,0.3031851473343554,7.706016443946097,523.2129107734249,523.8017831159946,58.78354700800616,122.7137336242823,338.8665343219816,663.7123665055235,3080.101293730763,274368.30799549544,540.9986328812412,270.4993164406206,1.069418315326367,0.8622692363748332,0.24761156083036667,mRNA
NC_000005.10,412.5000000000003,291.729614754421,7569.0,1.0349929959644288,0.33131313131313106,7.674741224078737,525.324899466987,525.9667138779596,64.23054660213602,126.86074654963193,291.729614754421,557.7937765438114,7567.965007004035,276640.98410757945,430.9330299941795,215.46651499708975,1.2735149077987553,0.6896896684401433,0.25931102380908827,mRNA
NC_000005.10,527.2500000000003,344.02068021979306,6320.25,1.230375432317382,0.2611032084716293,6.8374189612207426,607.6979101494426,608.4349606448922,83.08707517982279,167.0855955832048,344.02068021979306,676.2271214605197,6319.0196245676825,370193.10133495147,509.1415258773149,254.57076293865745,1.152580199429952,0.9045414673311033,0.2357928424766283,mRNA
NC_000005.10,622.5000000000003,186.14728598476182,29527.29249937248,0.7329893215158375,0.2709504685408298,9.82758389795759,2428.697233086084,2431.1006945679383,36.74121343201184,67.95394543673915,186.14728598476182,413.37180668998366,29526.559510050964,5910250.587128713,345.4178612532445,172.70893062662225,3.9015216595760362,0.5389960198465449,0.1988473423699542,mRNA
NC_000005.10,366.00000000000017,249.07441560901964,2534.1577263040863,0.0,0.349726775956284,7.7513368030773195,408.7419723982356,409.275230253697,41.678746362122105,73.11230612219936,249.07441560901964,497.5739355157025,2534.1577263040863,167506.21409921668,424.46162939350313,212.23081469675157,1.1167813453503699,0.8581862809801712,0.2743131525923782,mRNA
NC_000005.10,314.24999999999983,239.08859194810915,2300.803256722517,3.4926667018132522,0.48475205515778336,9.605105152746011,309.6942040142178,310.03359502457084,58.843622051184646,94.29134077602336,239.08859194810915,421.9628004453552,2297.310590020704,96120.8300438596,327.67145966933185,163.83572983466593,0.9855026380722927,0.7280866778679533,0.23726187036253332,mRNA
NC_000005.10,648.2500000000008,461.820251787498,2589.1588333127293,0.0059615001765951185,0.2391052834554567,6.814245916213096,589.073849360163,589.7082855692004,120.58743150476235,189.04155572099046,461.820251787498,943.1916146801872,2589.152871812553,347755.8620689655,754.1500589591967,377.07502947959836,0.9087139982416695,0.9494382499664415,0.25490831132485214,mRNA
NC_000005.10,311.0000000000001,203.72264504607628,3844.0,0.035640359491755265,0.5101822079314039,10.478611198733594,377.72079635625045,378.1181881509092,35.80596336440165,69.62367415078515,203.72264504607628,384.43830116101515,3843.964359640508,142973.36421052634,314.81462701022997,157.40731350511498,1.2145363226889077,0.852036922420954,0.2256090382748632,mRNA
NC_000005.10,463.4999999999995,341.2829793913665,2781.658442770454,5.348920704220306,0.34376123696512084,8.343118345176817,447.68208586004414,448.1511086035129,73.34826971651316,120.7041741159355,341.2829793913665,668.079140793302,2776.3095220662335,200839.4161425576,547.3749666773665,273.68748333868325,0.9658728929019301,0.8189987346076713,0.26431345198352824,mRNA
NC_000005.10,474.0000000000001,278.17859989690317,4900.0,0.12795330732285562,0.3319268635724331,8.362968896779156,564.2020914530538,564.8007145301411,69.09755852408146,111.6978351797847,278.17859989690317,625.7209315409335,4899.872046692677,318999.847133758,514.0230963611489,257.01154818057444,1.1902997709980034,1.041230100364087,0.23482625758883313,mRNA
NC_000005.10,439.49999999999983,282.55232127140016,3382.8954604939418,2.2293680563374143,0.28972317026924543,6.946308838502239,479.87837000640064,480.50771895881405,64.81773313328866,119.60146335787624,282.55232127140016,644.3083469539692,3380.666092437604,230887.66797900264,524.706883596093,262.3534417980465,1.0918734243604113,0.9811716168401565,0.2550083835664088,mRNA
NC_000005.10,453.99999999999966,323.61784036730285,2641.1536268891296,2.5510270259434504,0.3113069016152719,7.5966473783292265,467.61843419608687,468.1708483688528,50.16453922601064,100.8199262308646,323.61784036730285,632.5804032373801,2638.6025998631862,219183.94326241134,531.7604770065155,265.8802385032578,1.0299965510927032,0.8364650541857608,0.2448735530378314,mRNA
NC_000005.10,283.25,188.17666283685668,1522.539485413173,1.55138208948316,0.4766107678729038,9.055053351691889,277.3359875674269,277.67901303875703,44.476122303686935,78.64160918447772,188.17666283685668,425.58916964836163,1520.9881033236898,77105.6342821782,346.9475604638839,173.47378023194196,0.9791208740244551,1.0284276988037344,0.28995229431191955,mRNA
NC_000005.10,595.5000000000002,319.3769791200389,5987.773565927712,0.05265195665860056,0.2765183319339489,8.112345516565574,855.7857500566365,856.6532472383775,63.46383678729352,114.96237181740885,319.3769791200389,699.5389600282476,5987.720913971054,733854.7860040567,584.5765882108387,292.28829410541937,1.4370877414888936,0.9679631409906765,0.22420322184534805,mRNA
NC_000005.10,529.7499999999998,405.965441237251,3104.435113066675,8.21556179305278,0.31146767343086373,8.040640259823347,538.1253339139498,538.6697198234331,87.81842035105326,166.49790381708664,405.965441237251,707.8818190553609,3096.219551273622,290165.0670546559,541.3839152382743,270.69195761913716,1.0158099743538462,0.6900877042663605,0.23951279708650514,mRNA
NC_000005.10,501.7500000000002,334.3810594266468,2389.3353027942267,0.23186020862891438,0.32884902840059776,8.319742606296456,475.5353562039315,476.0164239609457,77.28116212798187,127.78346338172538,334.3810594266468,758.8274642075086,2389.103442585598,226591.63588056678,631.0440008257832,315.5220004128916,0.9477535748957275,1.05587695040857,0.2871811206903196,mRNA
NC_000005.10,445.9999999999999,313.79724304542736,2874.2431998493093,0.04510736178669279,0.31689088191330356,7.486566644406223,439.8306492276317,440.3502367085399,75.93224263480336,143.7332656029133,313.79724304542736,599.8850635803092,2874.1980924875224,193908.33096926715,456.15179797739586,228.07589898869793,0.9861673749498471,0.9017294987518147,0.24346221497424927,mRNA
NC_000005.10,455.24999999999966,310.1641842519779,2680.159724082391,1.4241186146073888,0.3082555372505952,7.430085853483734,453.7094334483248,454.2492426022984,76.05132063348263,128.98001401126766,310.1641842519779,646.7684015855526,2678.735605467784,206342.37440476177,517.788387574285,258.8941937871425,0.9966159987881935,0.9593308297250536,0.2378532171019158,mRNA
NC_061159.1,750.5000000000003,487.0859375744738,23409.0,6.878903089320902,0.2069731290250943,6.51375953644886,1249.383147797344,1250.7258490422134,114.9110102975099,201.94543084532143,487.0859375744738,1055.4477023957668,23402.12109691068,1564315.1494623655,853.5022715504454,426.7511357752227,1.6647343741470266,0.6325058799374496,0.28103970876683904,mRNA
NC_061159.1,755.2499999999997,584.5586409424674,5680.34451482459,2.902291360830647,0.20346463643385201,6.289823973141814,764.7958878027521,765.6267363778002,122.74685231687413,223.19338184012247,584.5586409424674,1003.6726001634593,5677.44222346376,586184.2994565215,780.4792183233368,390.2396091616684,1.0126393747802085,0.6695565252629411,0.2410956224003626,mRNA
NC_061159.1,884.7500000000001,428.4268239105969,12360.989712813081,0.2503511916112056,0.17895827446547988,6.308391583087757,1295.1187686849414,1296.4842079346936,114.01662352746878,178.69210045567468,428.4268239105969,1084.3603841037793,12360.73936162147,1680871.30142405,905.6682836481046,452.8341418240523,1.463824547821352,1.0570223838685127,0.227988085729497,mRNA
NC_061159.1,865.2500000000002,608.7542944920818,6642.25,3.7565544559046695,0.19300780121352204,6.475742307490564,925.8105907797772,926.735938927589,133.21656215175727,219.37786035404474,608.7542944920818,1152.7539200920437,6638.493445544095,858839.5005000001,933.376059737999,466.6880298689995,1.0699920147700397,0.8311496154690169,0.24226142513157756,mRNA
NC_061159.1,822.9999999999992,558.7622332492796,5968.057165610892,0.5099205129645235,0.17982989064398558,5.828296735834965,836.2744764728862,837.2178207959021,143.28456951978967,232.5829667578212,558.7622332492796,1150.2263510058247,5967.547245097928,700933.6794582392,917.6433842480035,458.82169212400174,1.0161293760302395,0.9479104319858557,0.2597451109486011,mRNA
NC_061159.1,752.7500000000002,508.6896203356513,4514.9943050199645,7.872915592633818,0.22096756337872242,6.869893062969714,770.4343742331339,771.207514793194,112.07610550449351,223.5828140233997,508.6896203356513,1043.3538276267273,4507.1213894273305,594761.0308734946,819.7710136033276,409.8855068016638,1.0234930245541463,0.950348483246009,0.24565921964781418,mRNA
NC_061159.1,895.5000000000007,670.2010414911123,6248.203247904727,1.0,0.18983807928531532,6.391720380920187,910.9375664665498,911.8319580089114,154.86048620058932,244.2935302428813,670.2010414911123,1199.584916286398,6247.203247904727,831437.5196463653,955.2913860435168,477.6456930217584,1.0172390468638182,0.7419793632492425,0.26946295925760577,mRNA
NC_061159.1,774.7500000000006,458.23122429927287,4757.264967352649,2.2500000000000213,0.18027320641066996,5.7698978539359995,849.1455263969775,850.16064394581,112.6387865429113,183.23981627406607,458.23122429927287,1130.2570093043948,4755.014967352649,722773.1205143542,947.0171930303288,473.5085965151644,1.0960252034810931,1.1182492253492287,0.26259109737504366,mRNA
NC_061159.1,800.2499999999993,498.27938410053616,4920.25099330313,2.7882244663771893,0.19035718004790186,6.0949505483175015,824.0227545401885,824.9257934462845,143.94884194283546,254.7543560740744,498.27938410053616,1073.6057343100445,4917.462768836753,680502.5646929821,818.8513782359701,409.42568911798503,1.0297066598440352,1.0993772231494938,0.21534441104477003,mRNA
NC_061159.1,803.7500000000001,477.06839007227467,6869.9890184828755,2.9567661665501315,0.19865215137376876,6.5532356468260735,942.7968365453926,943.7825104544737,97.5435983879088,168.83587249042046,477.06839007227467,998.1211984663894,6867.032252316325,890725.4270397488,829.2853259759689,414.64266298798447,1.1729976193410792,1.039507974352426,0.20701155456603576,mRNA
NC_061159.1,753.2500000000006,362.06302718914804,16014.038143165586,0.1328812613037917,0.20046465316959824,6.78488660125446,1649.962196536635,1651.7863675708545,92.49977310621512,179.7004803912651,362.06302718914804,771.6878662349758,16013.905261904281,2728398.2040929184,591.9873858437106,295.9936929218553,2.1904576123951327,0.7112653374095049,0.2206288827531746,mRNA
NC_061159.1,866.4999999999992,603.0817674026509,12996.0,1.4972106957197273,0.17618772840930963,5.8145754947366495,961.0172995321157,962.0681662206387,178.96223139337795,301.78443221449,603.0817674026509,1201.717520150662,12994.50278930428,925575.1564551423,899.9330879361721,449.96654396808606,1.1090793993446237,0.8223105850194279,0.2837659899437636,mRNA
NC_061159.1,622.7500000000002,440.96776713947895,3303.3140737076496,1.3729786158306627,0.21142780677104234,5.946761466975138,623.4176970539093,624.2083349075212,106.23026635702605,159.67015546413356,440.96776713947895,852.118345438034,3301.941095091819,389636.0453680202,692.4481899739004,346.2240949869502,1.0010721751166745,0.8747693579420567,0.25902708129464214,mRNA
NC_061159.1,750.9999999999994,505.43260511029473,12321.0,0.1584580390459355,0.2148246782068355,6.6770762201064064,888.1126054729773,889.0315013271278,139.71567181631352,216.96789418091333,505.43260511029473,913.6101704314143,12320.841541960954,790377.0103519668,696.642276250501,348.3211381252505,1.1825733761291317,0.8295143882985115,0.204392054409002,mRNA
NC_061159.1,732.2500000000003,484.36522567028925,6161.767974999934,4.676815901370965,0.17890064868555813,5.490492292420737,900.4479440811666,901.5957430736744,144.53177392953702,227.6402472703748,484.36522567028925,937.4069899679383,6157.091159098563,812874.8839285711,709.7667426975636,354.8833713487818,1.229700162623648,0.8258715319162305,0.2754722912861899,mRNA
NC_061159.1,797.2500000000002,489.28798868049114,5402.346531438869,3.998572106354454,0.1793665725932894,5.812309483923641,871.1973083062184,872.2144683821406,101.73745138381626,191.48706905668652,489.28798868049114,1099.3098521551603,5398.347959332515,760758.0788551401,907.8227830984738,453.9113915492369,1.0927529737299695,1.0604785220867432,0.25508660996934207,mRNA
NC_061159.1,913.5000000000001,708.7018992549741,5323.274969657322,0.28309128716351084,0.18025907681080092,6.172458043512468,848.2518788661773,849.1117390756681,105.70514309621414,251.5749386127768,708.7018992549741,1360.2915835749232,5322.991878370159,720990.7454361054,1108.7166449621463,554.3583224810732,0.928573485348853,0.7243064442796319,0.2785226064004272,mRNA
NC_061159.1,800.7500000000008,586.2002051140506,7468.555363329144,1.8401547275091534,0.19440108231865938,6.2264490152568115,878.4720399648469,879.4141014044104,124.4389318474856,240.47084111534207,586.2002051140506,1081.702170663926,7466.715208601635,773369.1617489266,841.2313295485839,420.61566477429193,1.0970615547484808,0.7326919416622605,0.2589371610019364,mRNA
NC_061159.1,777.9999999999995,514.5089141290034,4817.285705721518,1.7824470427694743,0.19537275064267365,6.139905480238044,782.4781147099259,783.3375088346356,143.46990776862876,212.56420238067557,514.5089141290034,1099.7440016180644,4815.503258678748,613617.6527472528,887.1797992373888,443.5898996186944,1.0057559315037614,1.0102177207934133,0.2692583753777966,mRNA
NC_061159.1,704.75,458.63104514309407,23256.25,1.2398243421504511,0.2246659571952229,6.962337270235949,1286.3594462668668,1287.7156505932126,108.11203260224622,173.1336743800404,458.63104514309407,837.6163674583447,23255.010175657848,1658211.5967827006,664.4826930783044,332.2413465391522,1.8252705871115529,0.5739895382379296,0.24445431014498678,mRNA
NC_061159.1,774.7499999999998,485.35923956988296,4509.213851763671,0.03477269232308974,0.18715714746692486,6.031411639078308,849.7447410840504,850.7231464065128,102.66412279473153,186.60691990971284,485.35923956988296,1040.7110979637241,4509.1790790713485,723729.8718317971,854.1041780540113,427.05208902700565,1.0967986332159414,1.021685971463373,0.22143155926289465,mRNA
NC_061159.1,752.0000000000002,474.58645973375013,7921.0,9.699539484885673,0.18794326241134748,5.902987641648332,879.0875951803666,880.126092406241,107.09343984203375,189.0550150464726,474.58645973375013,1015.1277266319544,7911.3004605151145,774621.9385342791,826.0727115854818,413.0363557927409,1.168999461676019,0.9467095490387344,0.25524930610160357,mRNA
NC_061159.1,746.0000000000001,463.724184292757,6742.3599791865045,0.3448808261544664,0.19302949061662195,6.06284144619987,885.0327677549571,886.0588930477228,119.65715135689322,178.48985213299494,463.724184292757,1004.0121065631926,6742.01509836035,785100.3619489558,825.5222544301976,412.7611272150988,1.1863710023524894,0.9568317445125311,0.2532409471976526,mRNA
NC_061159.1,842.2500000000007,527.3300977459227,9182.469509339835,6.64505207052266,0.19669535965172635,6.5105175544923855,1036.0390919265546,1037.0829602940441,118.52943295197718,227.01778180090577,527.3300977459227,1179.236305197377,9175.824457269313,1075541.0665322577,952.2185233964713,476.1092616982356,1.2300850008032695,0.9118958098438321,0.28212851386925053,mRNA
NC_061159.1,697.2499999999995,453.86547851443237,5676.230917237693,0.5504025905636721,0.2089159794430502,6.211945021027501,719.3352834388147,720.1597367563352,134.54907039519824,196.62018336687774,453.86547851443237,967.1703354926794,5675.680514647129,518630.04644495406,770.5501521258017,385.27507606290084,1.031674841791058,1.0150392748235142,0.2766628847428019,mRNA
NC_061159.1,717.7499999999999,475.44945956112014,3590.1307412724364,0.37278274613020274,0.22616974341112278,6.883150013276443,724.2495253709181,724.9942551567484,102.61281553707032,173.01071413021748,475.44945956112014,980.3501011120377,3589.757958526306,525616.6700102884,807.3393869818202,403.6696934909101,1.0090554167480574,1.0036618538953999,0.23136958872549399,mRNA
NC_061159.1,708.5,480.1098430751296,4279.49011102924,8.615579302169186,0.19665960950364622,5.874706339555661,713.6625603182504,714.5177584205459,142.7704712581944,215.99217140751585,480.1098430751296,1026.6417784530738,4270.874531727071,510535.62709832157,810.649607045558,405.324803522779,1.0072866059537762,0.9600762445336443,0.2818240201133791,mRNA
NC_061159.1,671.7499999999999,412.11610183852673,7656.25,3.031164657557498,0.20989951618905847,6.224457425526601,761.784336278976,762.6863902791642,89.12008745726978,171.99660087950002,412.11610183852673,951.7134891229877,7653.218835342443,581690.5299170616,779.7168882434876,389.8584441217438,1.1340295292578728,1.0224700842354613,0.27617229382465885,mRNA
NC_061159.1,729.9999999999999,406.1602252612939,6358.553047685896,0.8348507200294689,0.20456621004566214,6.4953974920189825,915.891369104437,916.9152837552074,75.36077708042949,147.7083189988902,406.1602252612939,982.3992415594147,6357.718196965866,840733.6375838924,834.6909225605245,417.34546128026227,1.2546457111019687,1.0607364115310687,0.2501137417923667,mRNA
OX243816.1,587.2500000000006,406.1054181491466,3001.52300448417,1.0596387394292475,0.22988505747126414,6.275358817454984,570.4307582871037,571.1363006202098,82.45006580986497,162.3660582325769,406.1054181491466,828.0400880350858,3000.4633657447407,326196.67388613865,665.6740298025088,332.8370149012544,0.9713593159422786,0.9526725858619394,0.2453012927279841,mRNA
OX243816.1,593.2499999999995,432.4106222124044,4830.25,7.99655500540096,0.23655007725804206,6.562212376230007,625.6550567205541,626.3994413463723,83.92613067613289,148.58423385560062,432.4106222124044,839.0191919015126,4822.253444994599,392376.26011904737,690.434958045912,345.217479022956,1.0546229358964256,0.7712207040920632,0.2615343878451821,mRNA
OX243816.1,631.75,402.79582135391627,3267.530715651837,2.2714291075326183,0.21052631578947367,5.980834116829479,634.4232617109813,635.2197758497867,100.61163806789422,187.05382967779397,402.79582135391627,852.7573369684903,3265.2592865443044,403504.16363065335,665.7035072906964,332.8517536453482,1.0042315183395034,1.0826566070194936,0.23257003681971639,mRNA
OX243816.1,697.0000000000001,172.56958980387685,42378.91473969886,1.1756626829927752,0.19703491152558583,8.089234987839632,3337.616814435114,3341.6747087172894,33.76959948270317,59.611510083910304,172.56958980387685,402.6613729807434,42377.73907701587,11166789.85888078,343.04986289683313,171.52493144841657,4.788546362173764,0.4713816228944923,0.2765795625094179,mRNA
OX243816.1,703.75,477.49267552758306,4911.109304561886,0.15593432846694877,0.23824748371817642,7.281970821606094,755.9387375971677,756.6912900359923,93.07003522098331,162.69403198968317,477.49267552758306,924.0277570076814,4910.953370233419,572581.7084163342,761.3337250179983,380.66686250899915,1.074158064081233,0.8979192885058388,0.24313942619611462,mRNA
OX243816.1,587.25,371.2117243672838,3457.682156307781,0.767891201413264,0.22080317865758478,6.031717095649792,599.9543732651675,600.7270128297037,116.00474426556647,178.98272243542405,371.2117243672838,826.0800304392195,3456.9142651063676,360872.9439432989,647.0973080037954,323.5486540018977,1.0216336709496254,1.0802735270865258,0.23576338506240765,mRNA
OX243816.1,656.75,417.82777406252586,4460.253486951839,4.0462960267565915,0.22078416444613627,6.454504712427698,705.5941645166859,706.4065932999235,106.9732637818798,172.9559262556706,417.82777406252586,943.3528395472954,4456.207190925082,499010.27505760366,770.3969132916247,385.19845664581237,1.074372538281973,1.0158341917458875,0.26536414897090826,mRNA
OX243816.1,625.2499999999999,434.9767389762865,4396.893187969713,5.104071215285667,0.20738371318139412,5.800921534388804,630.9471055484763,631.759658500167,136.52381279829706,203.1752799642926,434.9767389762865,830.096865126508,4391.789116754428,399120.26610824757,626.9215851622154,313.4607925811077,1.009111724187887,0.9047030694830305,0.2584544938577508,mRNA
OX243816.1,772.7500000000006,474.4554185208203,4931.205834303374,9.227855074296391,0.2152485711204571,6.762221716429568,810.1587035883776,810.9717080113089,144.7169329404399,240.5767203551087,474.4554185208203,1087.96566433515,4921.977979229077,657675.1111947797,847.3889439800413,423.69447199002065,1.0484098396484982,1.1045783257945594,0.25124998035773494,mRNA
OX243816.1,510.25000000000017,354.9680015795795,11772.25,1.1703338786476294,0.3246774456965538,8.413063055656302,701.5425860202643,702.2494301149516,69.73811263615212,129.49892554704311,354.9680015795795,687.9686369119956,11771.079666121352,493154.26209677424,558.4697113649526,279.2348556824763,1.3748997276242314,0.6640309576984197,0.2571768234580388,mRNA
OX243816.1,615.2499999999994,434.07232912706706,3555.419172739322,2.6222067307456225,0.2454286875253964,6.906921420721391,646.5208813333101,647.235664173318,97.99709971537976,175.2828593831,434.07232912706706,797.0496793032797,3552.7969660085764,418914.00497787615,621.7668199201797,310.88340996008986,1.0508263004198466,0.8407044974291895,0.2183461644191309,mRNA
OX243816.1,641.2499999999997,441.0079034705671,3640.9545321008304,2.276823917878001,0.23131903833658232,6.657659666171081,645.3222063434667,646.0485118140256,100.89322687705793,159.03953661150558,441.0079034705671,955.1658508278834,3638.6777081829523,417378.6796171171,796.1263142163779,398.06315710818893,1.0063504192490715,0.9308935655447858,0.2778743753809429,mRNA
OX243816.1,565.7500000000001,333.24553203679653,36672.25,7.141554860257855,0.2397996759463838,6.868399500372007,1873.1730766269302,1875.4785212860793,89.31005523696004,159.3267942401636,333.24553203679653,638.8733248543873,36665.10844513974,3517419.6838054187,479.5465306142237,239.77326530711184,3.3109555044223242,0.37236997082279266,0.236336655931553,mRNA
OX243816.1,620.0,413.77546302894393,5306.827950221674,0.9740826657079258,0.22795698924731184,6.503850390709414,706.780022354905,707.6149665590356,96.34426497485018,154.64268998474796,413.77546302894393,763.1784801123948,5305.853867555966,500718.9408983451,608.5357901276468,304.2678950638234,1.1399677779917823,0.8753411122909545,0.23710431261664958,mRNA
OX243816.1,450.0000000000002,351.12481880663665,2684.3502056831576,0.5233375422973295,0.30222222222222206,7.244770148162683,445.4974747403177,446.0444331718942,69.87150363854553,128.80812750142084,351.12481880663665,617.2223335809103,2683.8268681408604,198955.63636363638,488.41420607948953,244.20710303974477,0.9899943883118166,0.6658299101538004,0.24555062513291329,mRNA
OX243816.1,561.7499999999999,417.9227998381289,3596.4161731999793,3.633406121763699,0.24625426494585378,6.5713331207931995,555.6742525976887,556.3449520000537,83.59288576472323,164.4873923085819,417.9227998381289,772.8725283060572,3592.782767078216,309519.705615942,608.3851359974753,304.1925679987377,0.9891842502851603,0.7765009778094002,0.25113361398420486,mRNA
OX243816.1,670.2499999999998,70.72546193855695,44732.25,0.21637453414058927,0.18749222926768624,9.070121742957829,3094.2953155767145,3098.407337743878,14.990317355566741,33.20654746821027,70.72546193855695,157.87743178111174,44732.03362546586,9600128.030585106,124.67088431290148,62.33544215645074,4.616628594668729,0.5812546737637776,0.1386713219847887,mRNA
OX243816.1,721.7499999999993,381.7892875908093,11754.40502826745,1.7554579977141744,0.21383212100219395,6.991676742528193,1288.9646523469914,1290.3588816916813,82.91279310232963,122.57828963696795,381.7892875908093,755.3475480267125,11752.649570269736,1665026.0435606062,632.7692583897446,316.3846291948723,1.78588798385451,0.7912413543463224,0.22895863178465897,mRNA
OX243816.1,620.4999999999999,423.5602419939571,3983.200179204456,0.40658872939662744,0.2546333601933925,7.134555609651699,615.7956235635326,616.4462266225049,131.17837263745912,183.84048664739947,423.5602419939571,874.885954422542,3982.7935904750593,380005.95031712466,691.0454677751425,345.52273388757123,0.9924184102554918,0.959440521189694,0.25613108227371645,mRNA
OX243816.1,518.2499999999993,356.86597101574165,3702.443290485361,2.249999999999976,0.25791927962695,6.688364870208839,567.676844692471,568.385997804309,82.35116927420165,118.27780261726679,356.86597101574165,677.2155769861741,3700.193290485361,323062.6424999999,558.9377743689074,279.4688871844537,1.0953725898552278,0.8528656602420588,0.23904031256404612,mRNA
OX243816.1,662.7500000000006,488.64101900079424,3669.1719528778167,2.2341751021826153,0.2509744750408649,7.270574884859857,643.0731879032124,643.7185199149753,97.88135564681271,195.78406705462464,488.64101900079424,948.2817229132929,3666.937777775634,414373.5328815265,752.4976558586683,376.24882792933414,0.9703103551915683,0.8122356099166635,0.2668348973559676,mRNA
OX243816.1,619.5,354.42500621239276,3132.0027803796293,5.088382373273415,0.21415119720204465,6.127135111691232,663.9060551011717,664.7416829399097,100.09360046566538,145.8099973620175,354.42500621239276,776.0852685060732,3126.914398006356,441881.5050377834,630.2752711440558,315.1376355720279,1.071680476353788,1.197797452294118,0.18157043878247514,mRNA
OX243816.1,471.5000000000005,365.203330894333,2709.9311635941685,0.8577853639116386,0.309650053022269,7.618379705656888,469.33703241913474,469.87372445545236,62.454363999546246,129.71117787050207,365.203330894333,642.4731411322769,2709.073378230257,220781.3169336384,512.7619632617748,256.3809816308874,0.9954125820130101,0.6794477854716188,0.2506145957551094,mRNA
OX243816.1,725.4999999999999,456.78529139944396,8879.257477966448,0.3141455757327462,0.22696990581208365,7.1036427566307765,927.3118407526132,928.2518428599101,93.3410223071576,171.69901673359462,456.78529139944396,944.1289257222724,8878.943332390716,861651.4837728192,772.4299089886778,386.2149544943389,1.2781693187492948,0.8693344464871657,0.24404729360447847,mRNA
OX243816.1,636.0000000000002,377.08901121583483,8464.0,1.3102902000787657,0.24318658280922423,7.12497433014194,869.694199129786,870.632887151677,101.83878020387364,166.69270214330913,377.08901121583483,779.3498411388751,8462.68970979992,758001.6241900647,612.657138995566,306.328569497783,1.3674437093235625,0.8931104371280082,0.2253536603513005,mRNA
OX243816.1,828.7500000000001,549.9709503129507,4634.3664656090705,5.660771140320245,0.1846153846153846,6.021452357029859,860.9608730947068,861.9002742176767,111.39919889103939,243.97672128716897,549.9709503129507,1088.6631143732834,4628.70569446875,742872.0826965063,844.6863930861144,422.3431965430572,1.038866815197233,0.9713997176839768,0.2140299633927325,mRNA
OX243816.1,577.5000000000007,418.78737835826877,3515.721727702311,1.0,0.24357864357864328,6.713085170716717,591.7307242318925,592.4330754871105,62.638425522775606,131.91919165648733,418.78737835826877,766.6714599026789,3514.721727702311,350976.9489311164,634.7522682461915,317.37613412309577,1.0246419467218906,0.8046529365924943,0.23678458173748798,mRNA
OX243816.1,788.2500000000007,598.7028711003328,3509.466232860712,2.655445317184245,0.2101702082672585,6.573115097049353,721.3383394773913,722.0651289206714,160.23675708398247,232.42668662733598,598.7028711003328,1091.1651041663395,3506.8107875435276,521378.0504032259,858.7384175390034,429.3692087695017,0.9151136561717611,0.7883143811695682,0.2512482248352395,mRNA
OX243816.1,565.2499999999999,338.55081200942277,16002.25,0.9352921947706033,0.257703081232493,7.057280228358836,918.5876387150004,919.6404615691101,98.94603237915166,155.71467316034253,338.55081200942277,707.357013076773,16001.31470780523,845738.5785550459,551.6423399164305,275.82116995821525,1.6250997588942955,0.7403730850581774,0.23832306448964358,mRNA
OX243816.1,624.7499999999998,391.2275022252445,3493.4609100134226,1.3827175330401495,0.2406295851674004,6.839566443845763,662.8945051816313,663.6306458917238,99.14693236969983,192.07838303337772,391.2275022252445,823.3692710795151,3492.0781924803823,440405.6341666666,631.2908880461374,315.6454440230687,1.0610556305428276,1.0568310460384827,0.2420593837577316,mRNA
CM030839.1,585.25,357.3962780889712,5457.667738043255,0.747511380593744,0.2625658550477004,7.358793594712826,688.2141745125566,688.961827285461,76.86753027227896,128.1907368196925,357.3962780889712,779.9458903712732,5456.920226662661,474668.39945652144,651.7551535515807,325.8775767757904,1.1759319513243172,0.9932390105409181,0.23731945615490593,mRNA
CM030839.1,673.0000000000007,508.3621574556568,3805.5589081009957,4.8556337002572345,0.21594848935116373,6.291772534564269,645.8939541441769,646.6359348071433,109.05185432006354,186.89782706976393,508.3621574556568,890.5070912152656,3800.7032744007383,418138.03218390804,703.6092641455017,351.80463207275085,0.959723557420767,0.7646975551698382,0.24686383032202483,mRNA
CM030839.1,614.7499999999993,348.89137776318387,9656.644166189555,8.583566037599747,0.20116578554968167,6.015061349785207,1128.5774785100048,1130.1015541247323,72.40951743811686,125.01005420877053,348.89137776318387,651.4209008190511,9648.060600151955,1277129.5226351353,526.4108466102806,263.2054233051403,1.8358316039203026,0.7067090048291939,0.21757446542237222,mRNA
CM030839.1,633.7500000000001,457.26034035831356,3475.1710467565563,1.845785872887583,0.23090072320841548,6.5666534899559705,624.2999078968377,625.0121727125103,79.23272671538835,185.33584682125007,457.26034035831356,842.2944437215617,3473.3252608836688,390640.2160388128,656.9585969003117,328.47929845015585,0.9850886120660158,0.8481003636677641,0.24218346745050998,mRNA
CM030839.1,597.5000000000003,447.1618304313981,3122.1375519552553,4.591843060076802,0.22203626220362607,6.091144908654811,556.3966660575887,557.0969768018067,95.27666625590409,154.40451763409533,447.1618304313981,923.8004645633245,3117.5457088951784,310357.0415617128,769.3959469292291,384.69797346461456,0.9312078093014032,0.810598869870161,0.2957555805933311,mRNA
CM030839.1,649.5000000000001,430.78643802138123,4374.056577635893,2.088881767848717,0.228894021041827,6.625265950160759,686.0271496085269,686.7975340731713,114.42466403091201,178.96273828815393,430.78643802138123,881.6045944855423,4371.967695868044,471690.8528089888,702.6418561973884,351.3209280986942,1.0562388754557763,0.9564354505652953,0.24316925893280894,mRNA
CM030839.1,627.0,420.15649550349974,4219.367317299052,4.310238955261954,0.22753854332801698,6.479833196732187,664.4486436136356,665.2262315258398,101.12608676458223,180.51487431894844,420.15649550349974,807.2530892573868,4215.05707834379,442525.9391100703,626.7382149384384,313.3691074692192,1.0597267043279675,0.9339028974680662,0.21839979636013215,mRNA
CM030839.1,740.0000000000002,325.1985205037357,20780.555356765926,2.2215373067726576,0.21621621621621614,7.555659005325611,2005.5288579324908,2007.621220377339,74.36617180869125,141.5811313629408,325.1985205037357,672.2864444982251,20778.333819459152,4030542.9645093954,530.7053131352843,265.35265656764216,2.710174132341203,0.6204869272096417,0.2195013946998979,mRNA
CM030839.1,802.4999999999997,584.9263337385231,4889.673216064683,0.5988073722101708,0.21017653167185885,6.701771810491192,793.2731244659684,794.058154964324,138.103125878169,233.44816159830546,584.9263337385231,1133.761961920014,4889.074408692473,630528.3534653464,900.3138003217086,450.1569001608543,0.9885023357831386,0.8228200082081963,0.2697269164402387,mRNA
CM030839.1,705.7500000000006,439.1723293544843,4350.809481365813,4.388889319309559,0.19978746014877774,6.0979287093706525,752.3744911943785,753.2654026861225,101.27471382088528,151.15257601392102,439.1723293544843,978.6207506615518,4346.420592046503,567408.7668838862,827.4681746476308,413.7340873238154,1.0660637494783958,1.0629454098942,0.2527237761648958,mRNA
CM030839.1,744.7500000000001,473.5854811237314,7682.585704686999,6.3018487458407595,0.21259930625489537,6.685582484572423,958.3009052484507,959.3112385867805,127.77171239443351,205.4738792798779,473.5854811237314,833.9114397961085,7676.2838559411575,920278.052478903,628.4375605162306,314.2187802581153,1.2867417324584767,0.8488915664938231,0.21617446477414787,mRNA
CM030839.1,410.99999999999994,268.0830136159855,3829.0233900561457,3.5847730696067592,0.3341443633414437,7.7451450959611,468.43889676242725,469.0084275463385,62.96745865309929,114.1431619901441,268.0830136159855,503.5630792640691,3825.438616986539,219968.90510948907,389.41991727392497,194.70995863696248,1.1397540067212344,0.9152761696676268,0.19712336400203373,mRNA
CM030839.1,680.7500000000003,471.6931055225267,2995.906131397572,2.250000000000032,0.24042110417431742,7.050050199359604,650.0773992379676,650.7404054268507,116.95775101615858,229.6584195881855,471.6931055225267,945.6026021003142,2993.656131397572,423463.07525510195,715.9441825121287,357.97209125606435,0.9549429294718579,0.9647630946216583,0.22124465133499324,mRNA
CM030839.1,385.5000000000001,291.70698938167067,1801.3483212012866,2.999859144669957,0.36489407695633364,8.141013187494949,374.5360463293219,374.980599656522,37.354149704056326,94.51259039618236,291.70698938167067,531.7306690016347,1798.3484620566167,140610.45011876483,437.2180786054524,218.6090393027262,0.9715591344470085,0.7512735679587367,0.2712339616074798,mRNA
CM030839.1,581.5000000000005,399.7112165428079,3403.9969851689275,1.8279510033266242,0.22355975924333601,6.048859626268195,561.9975533754573,562.7194516221499,93.0,173.81272599407237,399.7112165428079,883.3863379415538,3402.169034165601,316653.1812339331,709.5736119474815,354.78680597374074,0.966461828676624,0.9704069832617782,0.2841899294644812,mRNA
CM030839.1,729.5000000000008,560.129232361628,7396.0,1.0937708204426593,0.22572538268220216,6.798361318074929,694.9397455895007,695.644195588509,129.33841874730268,231.62637334422377,560.129232361628,1013.0367290095994,7394.906229179557,483920.8468559838,781.4103556653756,390.7051778326878,0.9526247369287183,0.7311602281203513,0.2708626660138564,mRNA
CM030839.1,664.7500000000006,505.0384912144978,3513.0142671116937,10.055728090000846,0.21812711545693853,6.247637847284335,609.3070859591246,610.008648754507,122.02464642953865,215.59052516502754,505.0384912144978,964.0373570035733,3502.958539021693,372110.5515552995,748.4468318385458,374.2234159192729,0.9165958419843913,0.7863596820022064,0.28690642458000276,mRNA
CM030839.1,709.0000000000002,452.0652108434463,6425.872127061641,1.5080651454403438,0.21250587682181468,6.463228518299001,769.1670819789415,770.0193449350992,108.73575406279076,172.78208966577353,452.0652108434463,1016.449737454454,6424.364061916201,592929.7915742792,843.6676477886804,421.8338238943402,1.0848618927770681,1.002128647375948,0.2657933557144272,mRNA
CM030839.1,657.4999999999998,399.3665242408013,8100.0,0.7800689255537926,0.23827629911280107,7.058683685470749,780.8785116777129,781.7105614733478,85.3298267146013,176.51513645652648,399.3665242408013,833.5954141415407,8099.219931074446,611071.4019189766,657.0802776850142,328.5401388425071,1.1876479265060278,0.9917041072289215,0.2293992710835041,mRNA
CM030839.1,651.7499999999994,431.91226382319286,4126.327186226627,0.10470648744406802,0.21634062140391272,6.370162233665271,697.1078646809258,697.9333331343331,73.44905115686134,140.23101337867342,431.91226382319286,915.5782070693685,4126.222479739184,487110.93749999994,775.3471936906951,387.67359684534756,1.0695939619193346,0.94607053218699,0.25184178772894533,mRNA
CM030839.1,591.0000000000002,428.1825439928777,7921.0,5.142015155029514,0.24139875916525652,6.555799486407057,621.350142834135,622.0772936304503,94.54774735235743,172.4798098973435,428.1825439928777,875.104665301723,7915.857984844971,386980.15925058554,702.6248554043796,351.3124277021898,1.0513538795839843,0.7861145179647226,0.29863945709914475,mRNA
CM030839.1,444.2500000000001,286.6767010430454,2879.9760588744343,3.013113422891419,0.3669105233539673,8.850322985963293,488.4030098187357,488.9031666418812,63.283368114645796,110.89683910513965,286.6767010430454,584.6792540195269,2876.962945451543,239026.30635245907,473.78241491438723,236.89120745719362,1.0993877542346326,0.9678889920156468,0.22766610494206815,mRNA
CM030839.1,598.2499999999997,290.15278922962113,45156.249999999985,0.03933025050252847,0.22788689232483647,7.033511882804981,2301.9273446397033,2304.7466076003006,67.84739498645864,136.51011979066132,290.15278922962113,611.7397550133115,45156.21066974948,5311856.925245095,475.22963522265024,237.61481761132512,3.847768231742089,0.401529455073138,0.22293052319044718,mRNA
CM030839.1,551.4999999999998,351.67655376416565,4498.213387224572,1.6306985563800842,0.2357207615593836,6.3427466882763355,639.9025316405616,640.7245005492712,78.29676803237494,154.93286306891198,351.67655376416565,658.9583885984878,4496.5826886681925,410527.88560411305,504.0255255295758,252.0127627647879,1.160294708323775,0.9368150758375647,0.22672989004208352,mRNA
CM030839.1,734.2499999999992,525.5116476906016,4800.406838551541,1.5184725165322877,0.21109976166155964,6.4693261015016965,744.0120966758537,744.8134023433955,108.38012710482982,213.48046126033725,525.5116476906016,1008.3393710033519,4798.888366035008,554747.0043103448,794.8589097430146,397.4294548715073,1.0132953308489676,0.8416732197312887,0.2539319678381584,mRNA
CM030839.1,740.9999999999998,479.1349245338916,4390.566955474153,4.978614838162415,0.22852001799370228,7.012343597029003,739.7898350207307,740.5190513978927,127.10198244926033,210.93656206126295,479.1349245338916,1017.558138082872,4385.58834063599,548368.4654832347,806.621576021609,403.3107880108045,0.9983668488808785,1.0619167623144081,0.23261276840192438,mRNA
CM030839.1,786.25,577.4786606439673,3962.336254139176,8.370931649960909,0.20052994170641228,6.301734490926835,715.2177989955228,715.9750440980373,123.26474672389348,237.7636633871366,577.4786606439673,1133.0025317761535,3953.9653224892154,512620.2637711865,895.238868389017,447.6194341945085,0.909656978054719,0.8756969121122486,0.25971148989306264,mRNA
CM030839.1,791.75,516.4603950068517,4360.7412449509975,0.266909816004486,0.20503104936322494,6.492776906847872,774.7840828256608,775.5807761804433,155.44399631293396,262.092697138863,516.4603950068517,1140.5076108434168,4360.474335134993,601525.5403806589,878.4149137045538,439.2074568522769,0.9785716233983717,1.0659341528642101,0.26693294009390134,mRNA
CM030839.1,606.2499999999999,406.4609280187949,4032.2499999999973,1.3819956334985786,0.22048109965635743,6.179422410529732,636.8186555056312,637.6141819313618,89.35925610853823,159.35985389151168,406.4609280187949,872.5429077241799,4030.8680043664986,406551.84499999974,713.1830538326683,356.59152691633415,1.0504225245453713,0.9411897889010805,0.30132158322978575,mRNA
CM030839.1,649.0000000000003,376.8257307641005,3962.035370760213,0.6846985665899584,0.22804314329738046,6.714323742925021,729.2516712356578,730.0742904156805,80.11787804864737,155.45735622306444,376.8257307641005,857.7609556024764,3961.3506721936233,533008.4695259593,702.3035993794119,351.15179968970597,1.1236543470503195,1.1196721789120727,0.22802547323801162,mRNA
OX345641.1,548.9999999999997,356.48304529912895,5007.0,2.451012627219283,0.225865209471767,5.952906680951237,594.2617268510568,595.0620797078229,94.0226483962415,192.6398375013519,356.48304529912895,687.8482606035428,5004.548987372781,354098.87870619947,495.2084231021909,247.60421155109546,1.0824439469053864,0.971879624762318,0.20862577669604065,mRNA
OX345641.1,860.0000000000005,373.19175723703023,27556.0,2.1233657822014864,0.1891472868217053,6.924750622015837,1878.275805093597,1880.2032307470658,88.14593972024767,140.9350634582732,373.19175723703023,895.4441386431599,27553.8766342178,3535164.1889117043,754.5090751848868,377.2545375924434,2.184041633829763,0.7775347605119877,0.22100527186834293,mRNA
OX345641.1,639.0,389.6212671653291,6190.115118996234,0.8035251592905536,0.2190923317683881,6.3069375383538135,721.1927620269078,722.0528610350342,110.8479932771525,181.72875719203674,389.6212671653291,814.7695553978974,6189.311593836943,521360.33412887837,633.0407982058607,316.52039910293036,1.1286271706211388,1.0373595492020478,0.22477100314765633,mRNA
OX345641.1,627.4999999999999,402.7813589620033,3619.6044139019277,9.087366185304795,0.20292164674634797,5.733160470772478,648.3511779892128,649.2014749814654,111.10331596436959,188.39617455543282,402.7813589620033,834.5623201122447,3610.517047716623,421462.5551181102,646.1661455568119,323.08307277840595,1.0332289689071124,1.0398005679650453,0.23548271379189759,mRNA
OX345641.1,675.7499999999998,458.1497940813925,4209.417816111866,4.812898640458478,0.21654951288691585,6.267102172031634,644.9173396645497,645.653126942827,138.27132646433145,229.62591312519814,458.1497940813925,942.5006239416246,4204.604917471408,416867.9603310504,712.8747108164264,356.4373554082132,0.954372681708546,1.012223703111119,0.25291722857323223,mRNA
OX345641.1,746.2500000000005,456.1709709901456,7443.001895803077,2.9351333533038293,0.21485203796761573,6.853565187308289,951.5960277344583,952.5867578598811,86.12225441815308,173.35908525564113,456.1709709901456,931.6458583486126,7440.066762449773,907421.5312499999,758.2867730929714,379.1433865464857,1.275170556428084,0.9145026478319888,0.2338367298121874,mRNA
OX345641.1,697.4999999999997,493.82215853300465,7569.0,0.0,0.21696535244922355,6.46469488678384,722.2888964950243,723.0856853710499,104.72065761937607,204.77183093888263,493.82215853300465,977.3827305286366,7569.0,522852.90838852094,772.6108995897539,386.30544979487695,1.0355396365520066,0.8459683201085928,0.274535064642856,mRNA
OX345641.1,836.4999999999997,612.5280098435131,5754.857277033948,3.5003691332333555,0.19844590555887634,6.492006013665885,851.2098742378403,852.0657918741324,125.2246069714865,212.22692570326438,612.5280098435131,1147.4854489091163,5751.356907900715,726016.1136820924,935.2585232058518,467.6292616029259,1.0175850259866595,0.7893658083690376,0.2594719111604299,mRNA
OX345641.1,689.0,305.6629245404877,23447.097230523108,2.131893619062092,0.18771165940977264,6.324143111830485,1890.660202151619,1893.1013396462808,60.60341958132872,120.89519969055945,305.6629245404877,640.7355405896998,23444.965336904046,3583832.682170543,519.8403408991403,259.92017044957015,2.7440641540662103,0.6082590753588588,0.2348537488872962,mRNA
OX345641.1,724.9999999999997,494.355881398828,4525.688932991158,1.7302003959743628,0.20781609195402306,6.315141619666052,707.0919317882223,707.875413393429,109.77845461197472,186.84122545631809,494.355881398828,1007.900797960327,4523.958732595184,501087.6008869179,821.059572504009,410.5297862520045,0.9752992162596174,0.9785606718119821,0.24269001793981657,mRNA
OX345641.1,803.2500000000003,575.3197849937685,8742.25,2.3278224204060693,0.20458553791887119,6.552558149798218,839.575339085183,840.4281329455491,135.6706240667699,224.12052540149588,575.3197849937685,1104.714980806897,8739.922177579594,706319.4466463416,880.5944554054012,440.2972277027006,1.045222955599356,0.8144482254132983,0.2542255017593948,mRNA
OX345641.1,779.0000000000003,311.178339318526,65025.0,0.4138349268395195,0.19683354728284116,7.513787138066643,3852.754598984992,3856.9492160128275,77.34616022867604,132.2836654487449,311.178339318526,635.2436503500364,65024.58616507316,14876057.254901964,502.95998490129153,251.47999245064577,4.945769703446714,0.3642757268823106,0.2285389908287576,mRNA
OX345641.1,815.7499999999986,524.6765775459302,4380.510966896159,1.849593485714618,0.20553682705077161,6.691761070848443,833.2906905756236,834.1202484620678,115.76008618182817,207.91490459245009,524.6765775459302,1126.972287091164,4378.661373410444,695756.5888944218,919.0573824987139,459.52869124935694,1.0215025321184492,1.047917944167838,0.23326279842297462,mRNA
OX345641.1,631.2499999999998,317.97719543241124,12712.463196371253,3.0293434036697575,0.21808580858085816,6.649728958779498,1167.2479385289143,1168.6636430377446,77.00378755071696,126.98538500144039,317.97719543241124,653.6630948962417,12709.433852967582,1365774.7105582526,526.6777098948013,263.33885494740065,1.8491056451943204,0.8051574842678422,0.18273459306831957,mRNA
OX345641.1,647.2499999999994,330.4560328210515,27060.25,10.059912525440769,0.24977468778164047,7.753103199319753,1539.5922349765212,1541.1819021371898,79.42031403897168,149.11128452663857,330.4560328210515,706.3752042809465,27050.19008747456,2375241.6554752067,557.263919754308,278.631959877154,2.3786670297049404,0.617294553678583,0.25049298789172686,mRNA
OX345641.1,699.4999999999999,400.0181662505421,4282.944217799971,3.3983509132435854,0.2125327614963069,6.410016585628849,770.9054741017216,771.7711739523706,127.9535113252239,190.18493888798486,400.0181662505421,934.2873628552137,4279.545866886727,595630.7449438203,744.1024239672288,372.0512119836144,1.1020807349559996,1.1654418491388516,0.23985016579315233,mRNA
OX345641.1,782.7500000000007,567.8776130584969,9506.249999999996,9.103948591970934,0.18865112317683363,5.9381396763023515,846.0311016741639,846.9876097260285,127.80477287547924,223.09784276791922,567.8776130584969,1027.8762693461633,9497.146051408026,717388.0110294112,804.7784265782441,402.38921328912204,1.0808445885329456,0.7619308079205532,0.22436642148455935,mRNA
OX345641.1,662.2499999999997,423.49141763302157,8190.25,1.2713189673110445,0.22197055492638743,6.554226274009506,768.5535114746401,769.4263720756225,105.13883613292825,181.4559586466253,423.49141763302157,859.6401143086338,8188.978681032689,592016.9420454543,678.1841556620085,339.09207783100425,1.1605187036234663,0.9319790182554766,0.2285053619615515,mRNA
OX345641.1,675.7500000000001,458.3586803413642,5055.7084132883765,3.2008980991769307,0.21654951288691576,6.362658325764675,724.7588392010131,725.5857177804921,123.56282143867674,196.8899502298484,458.3586803413642,915.7963831915592,5052.5075151892,526474.633847032,718.9064329617108,359.4532164808554,1.072525104256031,0.8998496102439755,0.2529160415322342,mRNA
OX345641.1,630.5000000000001,421.00000000000006,4314.681550526113,0.3041993337065467,0.19984139571768433,5.682518512008157,669.5029872972934,670.3903342570295,89.71281461756469,194.97813473633758,421.00000000000006,823.6473391758159,4314.377351192406,449423.2002652518,628.6692044394783,314.33460221973917,1.0618604080845255,0.9387560801441416,0.2397444800611875,mRNA
OX345641.1,759.5000000000007,483.47682949583265,5573.522370969734,5.05590146530696,0.20276497695852516,6.3350016350956215,779.2029581566024,780.0476228578915,130.63468750707582,213.63257728015276,483.47682949583265,1116.5540006126676,5568.466469504427,608474.2939262473,902.9214233325148,451.4607116662574,1.0259420120560918,1.0627135110876729,0.26886398044586346,mRNA
OX345641.1,583.4999999999998,351.9501941548365,11664.0,1.112165719830138,0.2273636103970295,6.655795743160187,1070.842308652399,1072.1901283282898,52.278896449853875,110.59910504340158,351.9501941548365,666.7339141238631,11662.887834280169,1149591.6712846346,556.1348090804615,278.06740454023077,1.8352053275962286,0.6486944080587095,0.23843933496122813,mRNA
OX345641.1,658.25,413.4850162209038,2935.6589027142813,0.37693860769780146,0.20711482466134956,6.128115414419159,664.1765578519012,664.9900015833939,74.24488655449366,148.4942750992463,413.4850162209038,986.6772748228377,2935.2819641065835,442211.70220588223,838.1829997235914,419.0914998617957,1.0090035060416274,1.1055719185756365,0.25998237702770166,mRNA
OX345641.1,774.9999999999994,480.118801018625,6313.052258608445,0.0,0.20473118279569907,6.515025778591479,827.2067456204645,828.0770317587101,97.21104406792851,225.96498547348287,480.118801018625,1118.16983436912,6313.052258608445,685711.5705263157,892.2048488956372,446.1024244478186,1.0673635427360841,1.069434698916263,0.25664223965538685,mRNA
OX345641.1,600.7499999999998,406.5739239478671,4268.11491051999,1.8117042455022707,0.21029268969343884,5.812113633543486,666.2594277006516,667.1401411422343,123.79929035147902,183.47605202265945,406.5739239478671,765.9065820851871,4266.303206274488,445075.9679232803,582.4305300625276,291.2152650312638,1.1090460719111974,0.8743264319227407,0.25141610592041974,mRNA
OX345641.1,672.7500000000002,381.6342952262615,3443.7796908973764,2.929791992830852,0.21553325901151982,6.345723895161099,697.7443120513416,698.5477024292073,123.50941754606002,189.0051823398719,381.6342952262615,967.9832231752084,3440.8498989045456,487968.89256912435,778.9780408353365,389.48902041766826,1.0371524519529414,1.251672137252698,0.2409344365281496,mRNA
OX345641.1,581.2499999999999,418.0454237510713,3754.2385335937474,0.6988320551838124,0.2276702508960574,6.200788225336597,598.0976090906903,598.8523066894481,92.68502482384503,163.5787333179292,418.0454237510713,780.6602857682252,3753.539701538564,358624.0852272728,617.081552450296,308.540776225148,1.0289851339194673,0.8186184350262884,0.25633717255012334,mRNA
OX345641.1,686.5000000000005,478.43571651758845,3861.342728365802,0.14321419491004606,0.20684632192279667,6.045415693349531,664.2787442030642,665.059789439575,128.9165035719016,244.2825506227468,478.43571651758845,943.6895519222726,3861.199514170892,442304.5235294117,699.4070012995257,349.7035006497629,0.9676310913373106,0.9396550106327438,0.26341418966852465,mRNA
OX345641.1,730.7499999999998,503.3141784951675,4762.169459058592,0.5633978228343102,0.21667236857110284,6.619473051404068,727.5023195839309,728.2693227696342,124.18859154443324,191.81458995714766,503.3141784951675,1020.4897888598178,4761.606061235758,530376.2064873417,828.6751989026702,414.3375994513351,0.995555688790874,0.9378766859529992,0.26861622794860457,mRNA
OX345641.1,757.7499999999991,510.5856982405358,4374.757121123874,11.27814623145397,0.20719234576047535,6.4354038945326835,756.3097083867164,757.1138656669195,146.1099353953211,222.15615885934477,510.5856982405358,1089.9852805677538,4363.4789748924195,573221.4055851063,867.829121708409,433.9145608542045,0.998099252242451,0.9804090798464927,0.23835764801937548,mRNA
NC_065884.1,564.0000000000005,374.331695143758,3511.914292965086,0.9132886341826434,0.2364066193853426,6.357291949970878,608.1290981362428,608.8906877873774,108.30658343808142,175.25729691814433,374.331695143758,728.9663289892068,3511.0010043309035,370747.86967418547,553.7090320710624,276.8545160355312,1.078243081801848,0.9356646743472384,0.2553168180948328,mRNA
NC_065884.1,665.2499999999997,468.9456704959591,2924.0038361786187,5.169843432487957,0.23499937366904686,6.786530979817174,610.739101417291,611.3912522719808,97.68085033120437,209.43297845143604,468.9456704959591,918.247949885889,2918.8339927461307,373799.2633547009,708.814971434453,354.4074857172265,0.9180595286242634,0.9642627877361719,0.23541705150067202,mRNA
NC_065884.1,699.5,333.7536537106646,21025.0,0.3516934443544965,0.21253276149630687,6.97104264056058,1423.4462582057672,1425.0447385052769,64.23956332597645,120.0858977646563,333.7536537106646,768.4510289822314,21024.648306555646,2030752.5067415729,648.365131217575,324.1825656087875,2.034948189000382,0.7708327817384969,0.23195221126299037,mRNA
NC_065884.1,578.4999999999995,442.4402791917365,5929.0,7.203515133175993,0.23624315759147238,6.351938927603252,571.6836975111324,572.3821506702213,101.40492292725975,166.38131408408196,442.4402791917365,841.712196351711,5921.796484866824,327621.326405868,675.330882267629,337.6654411338145,0.9882172817824251,0.7139947565442699,0.27574057543715014,mRNA
NC_065884.1,705.2500000000001,487.98062475049613,3578.4472451032257,1.7244264487664829,0.21032730710150063,6.235118549342368,649.5296375070194,650.2606784108873,125.91792538041287,231.88392372877456,487.98062475049613,1027.6089848294325,3576.7228186544594,422838.94988738734,795.725061100658,397.862530550329,0.9209920418390916,1.0035079049667965,0.2783426115582795,mRNA
NC_065884.1,699.25,496.85383706509464,3289.0727701087244,2.9605166346476866,0.22357287570015494,6.561389083083367,621.4082796358607,622.0718231026789,141.09836807677857,234.997370494624,496.85383706509464,993.6976851511777,3286.1122534740766,386973.3530982906,758.7003146565537,379.35015732827685,0.8886782690537872,0.97711683075823,0.2705258275277176,mRNA
NC_065884.1,607.7500000000003,374.8284608601162,5290.784682302255,1.5056711717520497,0.21445221445221435,6.074831812180876,699.5079520634487,700.4041829909942,88.75655082659996,162.88942869543877,374.8284608601162,807.1304968587897,5289.279011130503,490566.019551282,644.241068163351,322.1205340816755,1.150979764810281,0.9989373463995607,0.23902279946678281,mRNA
NC_065884.1,637.7500000000001,461.9691597197031,5377.392510148897,2.559486008371996,0.21272703514961447,6.110038136800694,699.6573268393606,700.5184438752199,108.3303149104277,174.41636509647537,461.9691597197031,845.5086350476156,5374.833024140525,490726.09020935954,671.0922699511402,335.5461349755701,1.0970714650558377,0.7537154269835401,0.24453103676778548,mRNA
NC_065884.1,652.9999999999997,426.6447884206909,6580.6390053512205,3.5333106021540863,0.22664624808575815,6.645377079967949,746.0951681923694,746.9367873749998,78.31802908633497,166.15918520476706,426.6447884206909,835.618298628087,6577.105694749066,557914.5643340857,669.45911342332,334.72955671166,1.1425653417953596,0.9101595395439411,0.22195386853945154,mRNA
NC_065884.1,776.7500000000001,512.4798661513584,4856.399298863178,5.102193095161453,0.21414011372170366,6.863270399287181,838.4993291589448,839.3407737551847,89.5348839590787,192.93637117667097,512.4798661513584,1021.8489697610026,4851.297105768017,704492.9344879523,828.9125985843317,414.45629929216585,1.0794970442986092,0.9455110743393824,0.24614235637112158,mRNA
NC_065884.1,746.2499999999989,515.4683230789457,6320.25,4.281780005337393,0.2148520379676162,6.6780087767589595,818.2560723881003,819.1079789930019,109.6037457395725,193.38060533903294,515.4683230789457,1008.2779010501403,6315.968219994663,670937.8812500001,814.8972957111073,407.44864785555365,1.0964905492637875,0.8461226920596309,0.2693942124793345,mRNA
NC_065884.1,602.0000000000001,376.5528742552019,3937.602223189361,3.099882156485692,0.23034330011074192,6.486554838409264,653.5625448264306,654.3494957976222,86.44207990040675,144.0754608780565,376.5528742552019,785.606400540879,3934.5023410328754,428173.26265060244,641.5309396628224,320.7654698314112,1.0856520678179908,1.03485333207706,0.21978442852020968,mRNA
NC_065884.1,768.0000000000005,510.7040260317747,6179.768998308206,1.6878814242642874,0.21527777777777765,6.839227191787678,807.2973429907968,808.112383423509,103.36325387738285,173.7837591304167,510.7040260317747,1089.539882367406,6178.081116883942,653045.6242424244,915.7561232369894,457.8780616184947,1.0511684153525993,0.9561383158342401,0.26850917412565745,mRNA
NC_065884.1,750.2500000000002,576.3746769264347,4258.344221368097,5.82651662403499,0.21370654226368982,6.5291572474930035,709.1389144589373,709.8772164959233,141.34062298892894,254.3470583600513,576.3746769264347,1046.0409026361328,4252.517704744062,503925.6625,791.6938442760816,395.8469221380408,0.9452034847836549,0.7355765684057679,0.24918651010127293,mRNA
NC_065884.1,715.2500000000001,519.4208483454834,3391.8933678121543,1.697770581095397,0.22229989514155887,6.698681133660522,690.3214830787175,691.0462302421835,115.86964982201084,214.86342941099457,519.4208483454834,1033.1417112893555,3390.195597231059,477544.8923319328,818.278281878361,409.1391409391805,0.9651471276878258,0.8510345822405166,0.24960385928300685,mRNA
NC_065884.1,690.5,393.4000395273449,6922.655499392692,0.4922119480540987,0.2056480811006517,6.5093196044772155,975.2539412891393,976.4006247437576,56.66411654406819,116.6090598663605,393.4000395273449,810.5447870051726,6922.163287444638,953358.18,693.9357271388121,346.96786356940606,1.412388039520839,0.9139156928089935,0.2161708013693444,mRNA
NC_065884.1,738.2499999999997,430.8399232929374,6010.65013586769,1.082370466151736,0.22801670617451192,7.060084118568001,819.318314210051,820.1307272150106,127.6196243998845,203.698686588526,430.8399232929374,868.0485497138277,6009.567765401538,672614.4097222221,664.3498631253017,332.17493156265084,1.1098114652354234,1.1256067564049985,0.19754632953249385,mRNA
NC_065884.1,673.5000000000005,507.18795425266455,3330.481822657004,0.3460588292361474,0.2286562731997029,6.627356128631282,604.305593222502,604.9606672286301,133.13735053654315,218.40113828575028,507.18795425266455,944.4688717022652,3330.135763827768,365977.40889370936,726.067733416515,363.0338667082575,0.897261459870084,0.8256354778736958,0.25982371197778653,mRNA
NC_065884.1,795.0000000000003,553.579360684271,4554.4002024771635,3.6716025115699313,0.20964360587002087,6.579912037005101,731.5579266196218,732.2905837152325,151.6765886067038,260.9951301754639,553.579360684271,1101.9817041721142,4550.728599965593,536249.498997996,840.9865739966503,420.4932869983252,0.9201986498360019,0.990026751940004,0.2444267717265143,mRNA
NC_065884.1,779.2500000000002,496.0607524750632,4358.546489363818,6.830384806266324,0.20746444230563568,6.625109299852743,829.6289833413488,830.4855958393825,96.37624936020947,212.50118810606986,496.0607524750632,1027.8006129458313,4351.716104557552,689706.3248966943,815.2994248397614,407.6497124198807,1.064650604223739,1.024033344583935,0.2197921070195002,mRNA
NC_065884.1,776.7500000000006,504.51563732299445,4665.023871284823,1.109728991013119,0.21414011372170352,6.865552786827326,830.6197234595387,831.4532607726053,101.50533851239013,193.70923180524767,504.51563732299445,1059.1977824893274,4663.91414229381,691314.5248493981,865.4885506840798,432.7442753420399,1.0693527176820574,0.983245479206107,0.22985453048623924,mRNA
NC_065884.1,776.249999999999,498.2330125094845,6500.102470451867,1.9941615069075669,0.2065485775630706,6.624459621459692,872.932414336872,873.8412458316824,106.61121664405529,190.550466534583,498.2330125094845,1135.2721503015669,6498.108308944959,763598.5229166668,944.7216837669839,472.36084188349196,1.1245506142826063,0.9554588061724514,0.2943064081192452,mRNA
NC_065884.1,602.2500000000001,462.9513138722361,3273.621175167495,1.6608808948032705,0.21751764217517638,6.059188567401121,618.3118145402043,619.0999752356114,100.37955155937865,167.49915130115608,462.9513138722361,830.870954239189,3271.960294272692,383284.7793367346,663.3718029380329,331.68590146901647,1.0266696796018335,0.675866203032288,0.24346611082363584,mRNA
NC_065884.1,714.75,522.2335481810406,3593.1523235600844,0.30622704758970254,0.20286813571178733,6.0996390083298815,671.7753530757138,672.548842512212,114.78098286241217,217.28246663150153,522.2335481810406,1056.690300723781,3592.8460965124946,452321.9455645161,839.4078340922796,419.7039170461398,0.9398745758317087,0.859735851892417,0.26141227869173095,mRNA
NC_065884.1,723.999999999999,483.5616641223373,7056.0,1.5506146616427172,0.19889502762430966,6.1661295422337155,899.7688592077411,900.8120698296688,99.76658192900834,183.44652712730974,483.5616641223373,986.7315600706819,7054.449385338357,811462.385150812,803.2850329433721,401.64251647168606,1.2427746674140088,0.8016670061999177,0.2749265030415404,mRNA
NC_065884.1,492.4999999999998,336.8269904860282,2405.2001592228135,1.9560317482460334,0.26125211505922175,6.51422572698862,485.2754372518765,485.90525638422366,94.78168734613271,146.53508506878921,336.8269904860282,658.1705669685774,2403.2441274745674,236103.91818181812,511.6354818997882,255.8177409498941,0.9853308370596482,0.9623792854356114,0.2425034014718438,mRNA
NC_065884.1,765.7499999999989,612.8667264233168,3225.5783566909067,4.225946972321141,0.20154532593318128,6.23342105243198,674.4085371642324,675.1380220039537,117.1105291116277,216.5235237460181,612.8667264233168,1150.7124056678238,3221.3524097185855,455811.348755411,934.1888819218057,467.09444096090283,0.880716339750876,0.6800771275206375,0.2722706057972782,mRNA
NC_065884.1,650.4999999999993,445.5416087655452,4187.498534274869,1.0828727369926234,0.24289008455034614,7.024474954249203,675.8226468534477,676.5366699230194,114.77915601219948,206.9516525593728,445.5416087655452,840.141555378514,4186.415661537876,457701.8657505285,633.1899028191413,316.5949514095706,1.038927973640966,0.9098173560269845,0.2311204713295737,mRNA
NC_065884.1,592.7499999999997,351.91988298143565,4505.213535630315,0.3314925382190205,0.22212849711795316,6.303561236061152,691.6101683752198,692.4872900572709,78.6973831055234,139.22157512103735,351.91988298143565,772.6408107331429,4504.882043092096,479538.64689086284,633.4192356121055,316.70961780605273,1.1667822326026491,1.0446496944268737,0.2389254268190452,mRNA
NC_065884.1,607.4999999999997,364.3722041884611,4795.847506123839,0.8661866847363243,0.24471879286694115,6.898657532550601,668.1850417361945,668.935390138521,86.82762332995704,147.68769736822853,364.3722041884611,870.4515861091079,4794.981319439103,447474.5561797754,722.7638887408793,361.38194437043967,1.0998930728167817,1.0915889190506343,0.2812920407654781,mRNA
