U85256.1,1195.9999999999993,739.132269367444,37000.0,8.803514640730084,0.16666666666666677,6.625776214508988,1864.8882004023726,1866.4494298096724,195.9850061217054,310.8611553582134,739.132269367444,1603.989842815083,36991.19648535927,3483633.474036851,1293.1286874568696,646.5643437284348,1.5592710705705466,0.7349519352430571,0.2617504903448272,mRNA
AF221906.1,1090.0000000000002,753.4454860609108,38650.0,1.4345050608624899,0.16666666666666663,6.332483126201461,1899.1282210530178,1900.8729418813007,169.98154897816232,313.60705420996374,753.4454860609108,1341.4427945856285,38648.56549493914,3613317.941176471,1027.8357403756647,513.9178701878324,1.7423194688559793,0.5316457997014209,0.2260070297478348,mRNA
AF221908.1,1167.999999999999,828.0460641665836,8999.999999999998,4.790768544106647,0.1666666666666668,6.490673654479436,1222.076920655979,1223.1245650152478,159.28980654847385,294.93107641510744,828.0460641665836,1537.36709752744,8995.209231455892,1496033.7015437393,1242.4360211123326,621.2180105561663,1.046298733438339,0.8345315996580733,0.23212989228495978,mRNA
AF221909.1,991.9999999999993,711.884242063115,17488.000000000004,1.8435790263962273,0.1666666666666668,5.951202002801948,1212.3233891994332,1213.547340434129,168.95292444416117,294.6050168999556,711.884242063115,1334.3639046887317,17486.156420973606,1472697.1474747478,1039.758887788776,519.879443894388,1.222100190725236,0.6931708827011763,0.2698301556243578,mRNA
AF221910.1,1108.0000000000014,757.424063796479,7591.999999999997,1.6323362103028625,0.16666666666666646,6.269319177216532,1124.4411945495415,1125.457409121658,183.18348005647948,321.4171752121602,757.424063796479,1567.6557588837425,7590.367663789694,1266654.3797468352,1246.2385836715823,623.1192918357912,1.0148386232396571,0.9353337584113468,0.26088599222196157,mRNA
AF221911.1,1025.999999999999,642.4737966423731,46250.0,1.1718141252667722,0.16666666666666682,6.228348078969446,2201.999091734599,2204.1484325017677,138.38182286173648,262.04237889529975,642.4737966423731,1335.62965402183,46248.828185874736,4858270.3125,1073.5872751265301,536.7936375632651,2.14619794516043,0.5225154789535008,0.2593398085235665,mRNA
AF221912.1,1128.0000000000007,701.439575375205,36928.0,0.744005890636753,0.16666666666666657,6.495523587297536,1883.0443436095707,1884.7159323485098,158.10493396936397,281.86665972967205,701.439575375205,1477.059049682827,36927.255994109364,3552154.1456483128,1195.1923899531548,597.5961949765774,1.669365552845363,0.6795810614960831,0.24982683055524652,mRNA
AF221913.1,1040.0000000000005,714.8302044096565,5580.564925300896,1.2421119716616449,0.1666666666666666,6.07898780358438,1036.980231248407,1037.9787680529448,146.79082226306224,285.68093692571637,714.8302044096565,1420.0328999439396,5579.322813329234,1077399.922928709,1134.3519630182232,567.1759815091116,0.997096376200391,0.9407212957151831,0.24953471460688206,mRNA
AF221914.1,1178.0000000000007,742.2014637697165,16474.000000000004,0.45478387818042393,0.16666666666666657,6.560036559413046,1354.5951424687746,1355.7465197633148,175.38751674296196,303.57630703362685,742.2014637697165,1643.546513556677,16473.545216121824,1838048.6258503401,1339.9702065230501,669.9851032615251,1.1499109868155974,0.9651559847675962,0.2418055016324238,mRNA
AF221915.1,1333.9999999999995,898.1569086916343,26690.0,1.4853284776237732,0.16666666666666674,6.950705360760486,1682.2104505679424,1683.4728976128476,211.38983156363983,384.510029348134,898.1569086916343,1710.2334979924835,26688.514671522375,2834080.9969969974,1325.7234686443494,662.8617343221747,1.2610273242638252,0.7772685477513542,0.2530337940429195,mRNA
AF221916.1,962.0000000000002,596.9287050443194,16561.999999999996,0.5565114488971935,0.16666666666666663,5.956781127918433,1219.2062991963253,1220.4756449843642,150.7483538324838,237.93058209241786,596.9287050443194,1259.860399995453,16561.4434885511,1489560.7999999996,1021.9298179030352,510.9649089515176,1.2673662153807952,0.8983007105433953,0.23236347629536297,mRNA
AF221917.1,1083.9999999999989,708.8062506114875,35892.0,5.281451516959298,0.16666666666666682,6.320700814192506,1832.0786009339224,1833.7710526582828,159.87048381692523,288.7331292584062,708.8062506114875,1430.2051411692582,35886.71854848304,3362716.2735674665,1141.472011910852,570.736005955426,1.6901094104556498,0.6143738852643967,0.2474649968654124,mRNA
AF221918.1,1094.0000000000002,683.95808082414,43137.99999999999,8.28460047956398,0.16666666666666663,6.376616623802476,2067.79689524866,2069.689615915175,172.85946910165953,293.90694688271947,683.95808082414,1473.6130547925602,43129.71539952043,4283615.106227105,1179.7061079098407,589.8530539549204,1.8901251327684272,0.5948968007226134,0.26759978277270846,mRNA
AF221919.1,1228.0000000000007,803.6932426850994,75188.00000000001,4.110993833741332,0.16666666666666657,6.82549170503905,3170.8875729044707,3173.4728872947353,173.46278534711809,325.22620659642337,803.6932426850994,1585.4865908225906,75183.88900616627,10070930.166394783,1260.2603842261674,630.1301921130837,2.5821560039938674,0.401439736565221,0.2611305116552537,mRNA
AF221920.1,1081.999999999999,675.4139425536051,33929.99999999998,4.529999606028513,0.16666666666666682,6.335246555251144,1774.5173991820975,1776.1597108702006,157.21479332682898,299.65734748222525,675.4139425536051,1421.8543523107983,33925.47000039395,3154743.3185185147,1122.197004828573,561.0985024142865,1.6400345648633077,0.6873745914812598,0.25504485618730793,mRNA
AF221921.1,1096.0000000000002,729.6139970076667,28132.000000000004,1.5983938009521066,0.16666666666666663,6.318279642797219,1563.1097210368825,1564.5378709200243,189.12964326459166,322.3879771930019,729.6139970076667,1447.2475080014178,28130.40160619905,2447778.7495429623,1124.859530808416,562.429765404208,1.4261950009460604,0.7031867271914082,0.2357257811990145,mRNA
AF221922.1,979.9999999999993,584.3966159018903,24660.0,1.5702483791342825,0.1666666666666668,6.106142214832412,1495.0478253219862,1496.5757233449704,127.65531369824177,213.72144769330433,584.3966159018903,1315.9343024097016,24658.429751620864,2239738.8957055216,1102.2128547163973,551.1064273581986,1.5255590054305992,0.7938275499907339,0.25044171779319185,mRNA
AF221923.1,1107.9999999999998,759.4997002705319,26216.000000000004,0.9813003137601878,0.16666666666666669,6.322508389579905,1489.4670187687946,1490.8131257030627,165.64410809203684,303.79674591356485,759.4997002705319,1437.774384566657,26215.018699686243,2222523.7757685357,1133.9776386530923,566.9888193265461,1.3442843129682265,0.7019295399052362,0.24392708562663132,mRNA
AF221924.1,1076.0000000000002,662.3662163657339,55796.0,0.8153102264187174,0.16666666666666663,6.386162047829412,2557.949178541278,2560.329773917889,163.97776003148266,265.3093458651921,662.3662163657339,1317.5726111179831,55795.18468977358,6555288.551210428,1052.263265252791,526.1316326263955,2.377276188235388,0.48511571743205945,0.25647555713231074,mRNA
AF221925.1,1079.9999999999998,752.9822016507665,52372.0,0.7059921867582958,0.1666666666666667,6.37578313838684,2431.3189835971752,2433.573336407487,157.2358179357503,287.4225328866907,752.9822016507665,1348.3775285888082,52371.294007813245,5922279.183673469,1060.9549957021175,530.4774978510587,2.251221281108496,0.4035066569489026,0.2617777455677362,mRNA
AF221926.1,1013.9999999999981,684.4327223761355,5896.5769863146315,3.0771270956305714,0.166666666666667,6.026056757902665,993.5512065313995,994.5324919128361,133.2989460901909,268.34680199589013,684.4327223761355,1467.3595993459262,5893.499859219001,989094.8774703554,1199.0127973500362,599.5063986750181,0.9798335370132164,0.9951191507514326,0.24770258392383468,mRNA
AF221927.1,1112.0000000000007,711.9978361699068,10372.000000000002,0.018813795620490417,0.16666666666666657,6.305272510653231,1176.1564521780256,1177.2155757174264,184.70978827132706,311.3543986190127,711.9978361699068,1532.928434718171,10371.98118620438,1385836.5117117118,1221.5740360991583,610.7870180495792,1.057694651239231,1.020277947944842,0.23195627217909492,mRNA
AF221928.1,952.0000000000005,642.4136596784783,26900.0,1.0168296402908514,0.16666666666666657,5.88920459708404,1495.6095747219595,1497.1830728685823,148.97435760756494,258.05388319630356,642.4136596784783,1208.9612441035,26898.98317035971,2241557.1536842105,950.9073609071963,475.45368045359817,1.5710184608423936,0.6209902882824395,0.2516641491241303,mRNA
AF221929.1,1033.9999999999995,676.4812027790437,28921.999999999996,2.367716392876565,0.16666666666666674,6.154580085270365,1566.647375767757,1568.1647101435278,161.34324757794718,288.8970676392273,676.4812027790437,1356.253227766045,28919.63228360712,2459140.5581395347,1067.3561601268177,533.6780800634089,1.515132858576168,0.6846188927085437,0.25066313942047136,mRNA
AF221930.1,1091.9999999999995,679.3373022993628,37652.0,3.5314755126493247,0.16666666666666674,6.455494372201914,1934.5779901570263,1936.3520189481053,146.93729772173393,223.4258815048227,679.3373022993628,1448.146613239177,37648.46852448735,3749459.1412844034,1224.7207317343543,612.3603658671772,1.7715915660778636,0.6399266917129688,0.2607038015137785,mRNA
AF221931.1,1081.9999999999984,672.8293826324816,37874.00000000001,2.848613250119416,0.1666666666666669,6.340137110272655,1935.6239304162368,1937.4153458208752,171.27452898328792,299.8187591269737,672.8293826324816,1420.5932809862682,37871.15138674989,3753578.222222222,1120.7745218592945,560.3872609296473,1.7889315438227724,0.6341685659148604,0.2662419092891394,mRNA
AF221932.1,1097.9999999999989,701.7117939880478,38322.00000000001,1.36150369236536,0.16666666666666685,6.394708943167558,1903.995798314692,1905.7322289522087,173.91611620816957,298.14108564385583,701.7117939880478,1455.9655084260623,38320.63849630764,3631815.328467154,1157.8244227822065,578.9122113911033,1.734058104111743,0.624405063859998,0.24974081080179203,mRNA
AF221933.1,1357.9999999999984,856.844582296986,35802.0,3.178343567513658,0.16666666666666688,7.048182121383299,1895.6687474345297,1897.066218134781,201.4385237486893,343.6915546218951,856.844582296986,1802.4350173986113,35798.82165643248,3598860.2359882,1458.7434627767161,729.3717313883581,1.3959269126911134,0.7931059976294524,0.25623860559010236,mRNA
AF221934.1,1130.000000000001,708.963654299592,7842.733600795823,3.204192487823376,0.16666666666666655,6.386254482034097,1176.9316037901267,1177.9745207903293,171.07548137055812,300.4000054368727,708.963654299592,1606.3480226868203,7839.529408308,1387623.9716312059,1305.9480172499475,652.9740086249737,1.0415323927346245,1.073222125256539,0.2563990388487412,mRNA
AF221935.1,1204.0000000000011,848.0668211488703,13700.000000000002,4.9456732265918735,0.1666666666666665,6.543047289420983,1283.2583527879333,1284.325511685695,186.69418018045735,344.1003771190636,848.0668211488703,1674.393419343746,13695.05432677341,1649492.019966722,1330.2930422246825,665.1465211123412,1.0658291966677176,0.8321002035432324,0.2648078190902543,mRNA
AF221936.1,1079.9999999999998,701.1347585658256,29383.999999999996,2.117618492308973,0.1666666666666667,6.266459216400904,1583.2119251698425,1584.6799013082702,165.40231467451136,302.9974849860998,701.1347585658256,1458.2871852082935,29381.882381507687,2511210.3896103892,1155.2897002221937,577.6448501110968,1.4659369677498544,0.7179049792595467,0.2578990430837645,mRNA
AF221937.1,1089.9999999999984,648.4603239913595,30658.0,2.2302877585776586,0.1666666666666669,6.429224679335611,1742.9905335371159,1744.591811351668,143.5819732290442,266.20264826184496,648.4603239913595,1380.048719823469,30655.76971224142,3043600.588235294,1113.8460715616238,556.9230357808119,1.5990738839790077,0.75996914644041,0.244468303225978,mRNA
AF221938.1,1137.9999999999984,652.6716614607798,93553.99999999999,1.5708422130191249,0.16666666666666688,6.731781035501822,4003.4425186331814,4006.965126018288,171.68390046646056,297.9329122010705,652.6716614607798,1340.60142043733,93552.42915778697,16055769.521126755,1042.6685082362596,521.3342541181298,3.5179635488868075,0.3636832573069501,0.2564402514255375,mRNA
AF221939.1,1087.9999999999998,751.2007492892642,29672.0,0.29784543322514667,0.1666666666666667,6.282479460935625,1594.279774694517,1595.7471286863922,180.7478460286132,316.9918170893727,751.2007492892642,1398.8940641228626,29671.702154566774,2546408.8987108655,1081.9022470334899,540.9511235167449,1.465330675270696,0.6337643920282504,0.23247269011763638,mRNA
AF221940.1,998.0000000000006,687.8940766212467,8070.314618043347,0.5509474877943085,0.16666666666666657,5.920755223542082,1021.2502141982644,1022.2750516003503,189.80171144360284,307.4875459488663,687.8940766212467,1364.759207599677,8069.763670555552,1045046.2811244988,1057.2716616508108,528.6358308254054,1.0232968078138915,0.910959681772611,0.26450061135377684,mRNA
AF221942.1,963.9999999999998,631.9540152137106,6631.209509990947,0.8932591463144872,0.16666666666666669,5.9238987954007305,1039.1612001994686,1040.2408484908785,126.29376133811473,265.298641197953,631.9540152137106,1316.7349707052074,6630.316250844632,1082101.0228690228,1051.4363295072544,525.7181647536272,1.077968049999449,0.9585981021689969,0.23986954715298556,mRNA
AY058900.1,794.0,512.4921614108218,17738.0,0.6654569566363737,0.16666666666666669,5.425570385071895,1181.6530793765148,1183.144124864769,119.25429266217404,222.60382148390363,512.4921614108218,1049.0133115823953,17737.334543043362,1399830.0202020204,826.4094900984917,413.20474504924584,1.4882280596681547,0.7146966656348387,0.250364443159469,mRNA
AY058901.1,793.9999999999993,482.5035910741857,14810.0,1.0851927051948134,0.16666666666666682,5.4386329435258265,1099.3452596886932,1100.7324466880766,117.83119656445425,200.7338188742691,482.5035910741857,1025.2306161417644,14808.914807294805,1211611.9191919193,824.4967972674953,412.2483986337476,1.3845658182477256,0.8500416211755574,0.25208696576666495,mRNA
NR_001567.1,776.0000000000006,540.0171572658246,8079.999999999999,0.6267035263563006,0.16666666666666655,5.2105109924894775,821.7639563767688,822.8249819398976,154.04265205951407,254.177304547314,540.0171572658246,1064.2966464495876,8079.373296473643,677040.9509043928,810.1193419022736,405.0596709511368,1.0589741705886189,0.8614986368152926,0.2591727973387999,mRNA
NR_001576.1,885.999999999999,577.6102676156016,19297.999999999993,0.05613919488346406,0.16666666666666685,5.744856482334546,1271.6886411382304,1273.1263902024273,116.48905447634489,219.1114420857583,577.6102676156016,1151.3796825027068,19297.94386080511,1620850.8054298633,932.2682404169485,466.13412020847426,1.435314493384009,0.7275123542230553,0.2457706855604107,mRNA
NR_001579.1,794.0,512.4921614108218,17738.0,0.6654569566363737,0.16666666666666669,5.425570385071895,1181.6530793765148,1183.144124864769,119.25429266217404,222.60382148390363,512.4921614108218,1049.0133115823953,17737.334543043362,1399830.0202020204,826.4094900984917,413.20474504924584,1.4882280596681547,0.7146966656348387,0.250364443159469,mRNA
NR_001566.1,901.9999999999999,514.3708121693344,25273.999999999996,2.5963520074490645,0.16666666666666669,5.862847529075472,1498.4818984559004,1500.1459543805877,124.99878814180084,225.3965684865354,514.3708121693344,1180.2095111802,25271.40364799255,2250437.8844444444,954.8129426936646,477.4064713468323,1.661288135760422,0.7760437845063629,0.2477970171424304,mRNA
NR_001594.1,929.9999999999993,544.3384346323894,62530.0,3.656112508216755,0.1666666666666668,6.09345725388273,2973.778740928786,2976.981519176302,139.09272518777317,223.0139105561501,544.3384346323894,1075.8774254609514,62526.343887491785,8862418.965517242,852.8635149048013,426.43175745240063,3.197611549385794,0.38906213168417303,0.2220275214307009,mRNA
AY760074.1,641.9999999999995,381.85872303427936,14161.999999999995,3.790397954238074,0.1666666666666668,4.9005878514998304,1003.178947147516,1004.7451915784414,97.48102742361444,164.54843426160423,381.85872303427936,797.5940717015804,14158.209602045756,1009512.8999999991,633.0456374399762,316.5228187199881,1.5625840298247924,0.7779507665270016,0.22413952613946428,mRNA
EF569636.1,634.0000000000007,433.4508576467239,3430.239826166923,0.9909612141694061,0.1666666666666665,4.731058766193224,614.8951130070885,615.8672798007003,114.06481360986594,182.8452254641686,433.4508576467239,866.9799778722895,3429.2488649527536,379292.5063291141,684.1347524081209,342.06737620406045,0.9698661088439872,0.9784553728481082,0.23082042627979785,mRNA
EF569637.1,624.0,474.59100509349344,3665.9800957162306,1.7434018330209329,0.16666666666666666,4.68444997792071,606.7223417676325,607.6969967602132,106.3415116005666,179.68932779683863,474.59100509349344,864.7172068637708,3664.2366938832097,369295.6398713826,685.0278790669322,342.5139395334661,0.9723114451404368,0.7387678907845219,0.2550846626411151,mRNA
EF569638.1,649.9999999999998,471.6846306615132,4722.435066852911,1.2008043670172364,0.1666666666666667,4.795674297614009,688.4533390143446,689.5149484946145,111.68864674022188,201.2467915219021,471.6846306615132,780.3154777673542,4721.234262485894,475430.86419753084,579.0686862454521,289.53434312272606,1.059158983098992,0.7770259474394292,0.20078414699642275,mRNA
EF680233.1,655.9999999999994,452.23991355828593,4358.925710712935,1.6518690283970936,0.1666666666666668,4.813212616805404,656.7312996956973,657.7347094476863,102.28990863298627,184.38663821409767,452.23991355828593,925.2537469346105,4357.273841684538,432614.9480122323,740.8671087205128,370.4335543602564,1.0011147861214906,0.9307920295688404,0.2732124127557457,mRNA
EF680234.1,695.9999999999999,457.6528127263365,5882.154991915309,1.0370291148779884,0.16666666666666669,5.031606971988621,767.7707991321367,768.8763012153548,87.87540903626343,170.82181466243878,457.6528127263365,899.7676935710709,5881.117962800431,591170.7665706051,728.9458789086322,364.4729394543161,1.1031189642703116,0.9313216426428955,0.23256207461453107,mRNA
FJ167673.1,265.99999999999994,207.53920677860847,1294.9090938999195,0.030726752869460385,0.1666666666666667,3.047594328219609,242.09089202198413,243.00617276110495,32.41641409214777,91.7026502890316,207.53920677860847,377.1496678388738,1294.87836714705,59051.999999999985,285.44701754984226,142.72350877492113,0.9101161354209931,0.7244484837878495,0.2901285559388333,mRNA
FJ167674.1,265.99999999999994,207.53920677860847,1294.9090938999195,0.030726752869460385,0.1666666666666667,3.047594328219609,242.09089202198413,243.00617276110495,32.41641409214777,91.7026502890316,207.53920677860847,377.1496678388738,1294.87836714705,59051.999999999985,285.44701754984226,142.72350877492113,0.9101161354209931,0.7244484837878495,0.2901285559388333,mRNA
JQ684708.1,1069.9999999999993,756.7657752202003,10306.0,1.708729064675339,0.16666666666666677,6.155740917377559,1091.1095270411674,1092.130687327413,164.71705924889116,311.45174065993217,756.7657752202003,1488.5678565954452,10304.291270935324,1192749.4382022473,1177.1161159355129,588.5580579677564,1.019728529945017,0.8612358805881292,0.2551065903828598,mRNA
BK012865.1,806.0,552.1112983190625,12002.0,0.22318437954368814,0.16666666666666669,5.412067529220727,1021.1718758367758,1022.4412012190472,127.65152037185814,240.71729306884677,552.1112983190625,1068.478712604165,12001.776815620457,1045386.0099502483,827.7614195353182,413.8807097676591,1.2669626251076622,0.745874541852891,0.24830926510887016,mRNA
BK012866.1,807.9999999999994,555.4511033367953,9782.016806439364,0.7155128359669202,0.16666666666666677,5.337827869490276,922.6050075736634,923.7489695847746,137.0409531412108,267.91470837296146,555.4511033367953,1043.7913445374222,9781.301293603397,853312.1588089329,775.8766361644607,387.93831808223035,1.1418378806604754,0.8212037478336791,0.24120059303571748,mRNA
BK012867.1,846.0000000000008,559.4699570250367,9708.522355204572,1.0085415066912315,0.16666666666666652,5.494327721257288,987.6963096012863,988.8658734326968,151.7594141674762,254.0394874621664,559.4699570250367,1121.4633875563109,9707.51381369788,977855.7156398104,867.4239000941445,433.71195004707226,1.1674897276610938,0.8702980061471446,0.24576970306402143,mRNA
BK012868.1,785.9999999999997,583.9314960929142,4292.210658645255,0.6718286111714528,0.16666666666666674,5.269860801359526,793.7959435522457,794.8077934767806,136.42995208041592,238.7369221537255,583.9314960929142,1023.9183646378793,4291.538830034083,631719.4285714286,785.1814424841539,392.59072124207694,1.0099185032471325,0.7636792763244415,0.23916901279287342,mRNA
BK012869.1,836.0,544.1704142656304,8996.589360115744,6.018537583054194,0.16666666666666669,5.430526443566514,875.3148005146492,876.3637101785911,145.08584710943904,241.08906264000913,544.1704142656304,1193.4812410144887,8990.57082253269,768013.3525179855,952.3921783744795,476.19608918723975,1.0470272733428818,1.0001987361442506,0.27275544101971766,mRNA
BK012870.1,840.0,584.126627021622,5534.697562617112,1.5836350512221766,0.16666666666666666,5.487313649359952,855.738277746181,856.7588365796288,133.1083542347292,230.1769704697053,584.126627021622,1166.73076031763,5533.113927565891,734035.7040572792,936.5537898479247,468.27689492396235,1.0187360449359297,0.8970267415837352,0.24908751163896536,mRNA
BK012871.1,859.9999999999999,544.1800294667821,8669.29470267826,0.16691780143969992,0.1666666666666667,5.5774376033956745,977.2369211199504,978.3752289270659,142.30925291993447,250.74627960924542,544.1800294667821,1138.3818700093434,8669.12778487682,957218.0885780886,887.635590400098,443.817795200049,1.136322001302268,0.9695293854778108,0.24629824984894907,mRNA
BK012873.1,743.9999999999999,533.8457643456522,3969.8782962358237,5.1559351023946975,0.16666666666666669,5.111429800068681,735.7825765808809,736.7735299950369,117.80050409274429,226.96999437366495,533.8457643456522,972.3700107994362,3964.722361133429,542835.2345013476,745.4000164257712,372.7000082128856,0.9889550760495712,0.8568600657720784,0.21730925593050046,mRNA
BK012874.1,740.0000000000001,531.3940392918535,4858.326783459353,14.138899215873217,0.16666666666666663,5.083576444088618,723.845287337011,724.8254438961433,138.05798512810037,226.56075872076087,531.3940392918535,992.9823211752544,4844.187884243479,525371.9241192412,766.4215624544935,383.21078122724674,0.9781693072121769,0.8645740921057748,0.22767224321596874,mRNA
BK012876.1,560.0000000000002,411.2928114317381,4804.383469473471,0.1825068151228593,0.1666666666666666,4.437829803583088,560.6424885789517,561.6463255306481,94.62628323274889,181.97859616802845,411.2928114317381,789.246558423753,4804.2009626583485,315446.5949820788,607.2679622557246,303.6339811278623,1.0011473010338419,0.7957327080856128,0.2692209465326132,mRNA
BK012877.1,855.9999999999993,580.6236322393019,7725.695664317661,0.39833331329121724,0.1666666666666668,5.490068518936721,872.6419655276725,873.6631969660967,141.50449188420185,248.26628148263188,580.6236322393019,1100.626359075091,7725.29733100437,763287.3817330207,852.360077592459,426.1800387962295,1.019441548513637,0.9466988019336722,0.21844530351206767,mRNA
BK012878.1,850.0000000000001,533.426853522125,7082.9985029418185,3.645987678429126,0.16666666666666663,5.514495098806036,900.186647312656,901.2475629988247,146.1648146390408,229.97477390024565,533.426853522125,1176.022355978747,7079.352515263389,812247.1698113206,946.0475820785015,473.02379103925074,1.0590431144854775,1.0550250242756216,0.25347423057080587,mRNA
BK012879.1,861.9999999999998,629.3888437719913,6482.986411415083,0.015408871828106352,0.1666666666666667,5.51786946624381,874.2493923360768,875.2653710546541,145.51933702249016,254.94362352069294,629.3888437719913,1160.78841753542,6482.971002543255,766089.4697674414,905.8447940147271,452.92239700736354,1.014210431944405,0.7982086974282573,0.2494299097993909,mRNA
BK012880.1,881.9999999999998,641.6885027287767,6058.771895827524,0.17769208612501533,0.1666666666666667,5.573051498255361,858.053611378683,859.0281189174827,130.16100731775367,275.11194057536517,641.6885027287767,1243.6218948486112,6058.594203741399,737929.3090909088,968.509954273246,484.254977136623,0.9728498995223165,0.8401974914542965,0.24834983448345388,mRNA
BK012881.1,909.9999999999991,575.3179546028872,6276.166619818965,2.90128357534662,0.16666666666666682,5.774646635685081,969.2512574147119,970.3181275862402,132.96319244915688,228.32908827752428,575.3179546028872,1273.9674682378052,6273.265336243619,941517.268722467,1045.6383799602809,522.8191899801404,1.0651112718842999,1.03589871925411,0.24188096621717742,mRNA
BK012882.1,840.0000000000005,603.3119354512147,4736.0,3.3930355376047414,0.16666666666666657,5.493992384676907,841.6174903125527,842.6212086064041,104.96447474849616,213.6478166274406,603.3119354512147,1196.0296916985776,4732.606964462395,710010.5011933172,982.3818750711371,491.19093753556854,1.0019255837054193,0.8436899206819711,0.26137321217651077,mRNA
BK012883.1,487.99999999999983,321.1938675759649,2924.948912844398,0.34955406666201094,0.1666666666666667,4.2592105940674605,547.6349148839946,548.7605787950754,58.93637392647551,107.65365786807718,321.1938675759649,648.3354560610632,2924.5993587777357,301138.1728395062,540.681798192986,270.340899096493,1.1222026944344157,0.9137810312516477,0.2502761472567408,mRNA
BK012884.1,880.0000000000001,620.3365967384983,4576.887228791398,3.1793782828778934,0.16666666666666663,5.608828857745056,867.5667121322717,868.554267047476,116.66912572735046,244.57847375461364,620.3365967384983,1192.4551862528763,4573.70785050852,754386.5148063782,947.8767124982626,473.9383562491313,0.9858712637866723,0.8979023732594967,0.23447265289152266,mRNA
BK012885.1,794.0000000000009,544.6068109666224,5922.588268494137,2.998930070360505,0.1666666666666665,5.30710173455329,829.6408861670212,830.6877520549714,138.7348436940802,229.97257009787685,544.6068109666224,1064.0937945216426,5919.589338423777,690042.1414141416,834.1212244237657,417.06061221188287,1.0448877659534261,0.9018113494342825,0.24335494588503656,mRNA
BK012886.1,789.9999999999993,510.6964822539293,4006.5033389605965,4.525316668704728,0.1666666666666668,5.367501915285886,815.7499616916938,816.7845213486362,102.53361364795822,177.63624879369056,510.6964822539293,1134.7467416658212,4001.9780222918916,667136.9543147207,957.1104928721306,478.5552464360653,1.0325948882173348,1.0271659118445557,0.25335585749075895,mRNA
BK012887.1,647.9999999999999,454.1934112031071,3736.3692792620536,0.40193403625292856,0.16666666666666669,4.776207866244798,633.188755427637,634.1681663075613,103.93054063399111,189.64109896643438,454.1934112031071,878.820628280111,3735.9673452258007,402169.26315789466,689.1795293136767,344.5897646568383,0.9771431410920326,0.9182408269363607,0.25091855442441163,mRNA
BK012888.1,477.9999999999999,337.0876110904013,2084.20174894856,0.24804223957769259,0.1666666666666667,4.084130735645657,450.5907233843146,451.53635028672056,89.81229212131709,159.19310427733348,337.0876110904013,670.635617193693,2083.9537067089823,203885.075630252,511.4425129163595,255.72125645817974,0.9426584171219973,0.9381843539824449,0.22518817668187377,mRNA
BK012889.1,880.0000000000001,608.3178719972157,5934.469440948728,1.5423737253645486,0.16666666666666663,5.579072587026977,888.0450439026165,889.0559093908431,148.09587751431067,248.6844543557807,608.3178719972157,1148.763798347835,5932.927067223363,790420.410022779,900.0793439920544,450.0396719960272,1.0091420953438823,0.917798471602902,0.23166705029145668,mRNA
BK012890.1,827.9999999999999,574.6052527962332,8182.830210258401,0.34485979850601617,0.16666666666666669,5.4042222479265245,886.1151166750288,887.1872466699197,148.02761966420235,256.9547280812968,574.6052527962332,1115.673984931466,8182.485350459895,787101.2106537528,858.7192568501692,429.3596284250846,1.0701873389795036,0.8578842943834888,0.2600073945136111,mRNA
BK012891.1,798.0000000000007,521.6282929049671,4586.0,1.6328368410566183,0.16666666666666652,5.330497601532996,797.4509389297878,798.4521332210379,130.22222489562972,219.51249480157222,521.6282929049671,1111.7116239375955,4584.367163158943,637525.8090452261,892.1991291360233,446.09956456801166,0.9993119535460991,1.039706746596609,0.24041904214394635,mRNA
BK012892.1,784.0000000000008,525.1572875253809,6379.942544389185,0.18922581783507503,0.1666666666666665,5.259523243521986,774.1421058177884,775.131425206533,133.27656730559463,236.9214898600885,525.1572875253809,1107.2366521904653,6379.75331857135,600828.726342711,870.3151623303768,435.1575811651884,0.9874261553798311,1.0030821622905406,0.2504484915765451,mRNA
BK012893.1,821.9999999999995,552.7545503386647,5118.472042543151,0.5538219236344466,0.16666666666666677,5.376184190625098,811.9162518388212,812.9057905995281,152.7189138871762,225.9043160386862,552.7545503386647,1160.3816205051805,5117.918220619516,660815.824390244,934.4773044664944,467.2386522332472,0.9877326664705859,0.9948518054105335,0.2747737072439909,mRNA
BK012894.1,740.0000000000005,538.7921780257128,3926.3549757936876,1.7300521031525333,0.16666666666666655,5.066161744078753,684.514426436726,685.4413252045014,127.35713873557589,228.75934646324188,538.7921780257128,1043.2113804993946,3924.624923690535,469829.81029810297,814.4520340361528,407.2260170180764,0.9250194951847643,0.881827237834935,0.269145034884295,mRNA
BK012895.1,675.9999999999994,459.6862808772223,4656.823157654765,0.3949514393118629,0.16666666666666682,4.900784542663833,692.2774010467191,693.3037580240048,112.54551450318505,201.71276588475504,459.6862808772223,931.1035182435178,4656.428206215453,480670.1008902077,729.3907523587627,364.69537617938136,1.0240789956312422,0.9374004645928589,0.24003469057638727,mRNA
BK012896.1,804.0000000000015,565.4366086892632,4273.542753033395,5.000756175664305,0.16666666666666635,5.34781384732927,783.8469238314327,784.8236805017475,108.74359453691969,247.14058669762903,565.4366086892632,1099.0497778292936,4268.54199685773,615948.2094763091,851.9091911316646,425.9545955658323,0.9749339848649643,0.9130483927064885,0.23826359416147108,mRNA
BK012897.1,814.0000000000007,621.0485365650677,5242.667285612697,0.5551697428016764,0.16666666666666652,5.327601891975785,762.7686412012491,763.7074337303359,128.45172258343553,242.60023826247044,621.0485365650677,1169.581790989408,5242.112115869895,583249.0443349754,926.9815527269377,463.49077636346885,0.9370622127779465,0.7588859308547188,0.2668126384327613,mRNA
BK012898.1,737.9999999999997,492.3801556429651,4929.260648488671,1.6060898145383218,0.16666666666666674,5.170628915148674,770.2259408770909,771.2717335391733,100.00314529670665,193.47228541746037,492.3801556429651,1041.9536807738486,4927.654558674133,594860.0869565215,848.4813953563882,424.2406976781941,1.0436665865543242,0.9566797143082568,0.2678688883449981,mRNA
BK012899.1,698.0000000000001,457.9893535061673,6564.46481890119,4.96203940266651,0.16666666666666663,5.0192878650623225,753.8594033372536,754.941757668275,113.17207440470068,168.9579011861931,457.9893535061673,980.8027619753514,6559.502779498523,569937.0574712645,811.8448607891582,405.9224303945791,1.0800277984774405,0.9551276223311607,0.2586292269503238,mRNA
BK012901.1,494.00000000000017,316.5668459920557,3237.555639193027,0.5121969452876011,0.1666666666666666,4.224878852705558,514.9524249870078,515.9980147437702,65.84543085594572,130.78673051510629,316.5668459920557,680.5639253736083,3237.0434422477397,266253.9512195121,549.7771948585021,274.88859742925104,1.0424138157631733,1.0336866789922647,0.24374926512487902,mRNA
BK012902.1,697.9999999999998,452.91504158448197,10473.999999999998,0.13663827703369927,0.1666666666666667,5.00607737626515,842.8617917547336,844.0719313467048,126.94462580488891,193.74244047473067,452.91504158448197,1014.1193348709304,10473.863361722964,712457.4252873564,820.3768943961998,410.1884471980999,1.2075383836027707,0.8723314811979364,0.2826135406270211,mRNA
BK012903.1,711.9999999999999,452.5693417320033,9908.000000000002,0.16955591226426445,0.1666666666666667,5.12186902733815,854.793542324695,855.9966302421498,101.09970663353756,176.80771268101924,452.5693417320033,958.6018388071748,9907.830444087738,732730.2309859156,781.7941261261556,390.8970630630778,1.2005527279841224,0.9105028714739097,0.24704551543416425,mRNA
BK012904.1,712.0000000000003,569.604924515864,7184.0,1.3902352443287498,0.1666666666666666,4.944605203441558,700.0114284781355,700.9966667257152,139.43452404249607,236.303211357032,569.604924515864,955.9827845746179,7182.609764755672,491396.3267605633,719.6795732175858,359.8397866087929,0.9831621186490662,0.6102546459579008,0.2662934672969232,mRNA
BK012905.1,702.0000000000005,493.65418823394606,5682.661419180958,0.11093400482338749,0.16666666666666655,4.971612893201648,678.5572930858528,679.5259692293907,128.65354410862165,191.85726770851386,493.65418823394606,1016.1047365253328,5682.550485176134,461755.54285714286,824.2474688168189,412.12373440840946,0.9666058306066274,0.9211269876058673,0.2708262991515898,mRNA
BK012906.1,734.0,485.70361383089056,5046.643222735548,0.07382124859876413,0.16666666666666666,5.113007490480616,733.7738071095206,734.7755465617622,119.07842228251107,206.0941555438658,485.70361383089056,1028.102801466017,5046.56940148695,539895.1038251364,822.0086459221511,411.00432296107556,0.9996918352990743,1.0151481986548325,0.2542331958687421,mRNA
BK012907.1,723.9999999999995,497.1409307882568,4074.129399138664,0.714374180223876,0.16666666666666677,5.107280419030749,751.4359586817759,752.4760089493358,109.2272036695841,188.8513416297692,497.1409307882568,921.8873189480696,4073.4150249584404,566220.1440443209,733.0359773183004,366.5179886591502,1.0378949705549398,0.9057022089136467,0.1955718185543576,mRNA
BK012908.1,503.9999999999999,319.92456536879354,3083.1413414326985,0.8051368617297666,0.1666666666666667,4.236907967116762,512.1874656802917,513.2067452271194,84.55679150434342,163.8000563564833,319.92456536879354,682.8201660633546,3082.3362045709687,263381.16334661347,519.0201097068713,259.51005485343563,1.0162449715878805,1.0781722335983905,0.2319111536951854,mRNA
BK012909.1,665.9999999999999,444.6336742322483,4609.245375433563,0.13716255393668725,0.16666666666666669,4.904748999937716,677.9144488797978,678.9346367389539,100.71770692006416,171.12250898079384,444.6336742322483,1002.6429048130358,4609.108212879626,460952.24096385535,831.520395832242,415.760197916121,1.0178895628825795,0.979620626762902,0.2812661564474677,mRNA
BK012910.1,939.9999999999995,669.8485910381926,6034.1931506694455,2.309916743909517,0.16666666666666674,5.781620143135343,970.9047327106815,971.9392612222898,144.61654635997633,259.0425861776143,669.8485910381926,1273.1237283396779,6031.883233925536,944665.9275053305,1014.0811421620635,507.04057108103177,1.0328773752241298,0.8347412465718477,0.24716654781955277,mRNA
BK012911.1,721.9999999999995,506.1141364959789,4033.9999999999995,3.0651741184422545,0.16666666666666677,5.034346563650535,699.4626508971011,700.4334531004514,129.77348178070923,211.60965482196582,506.1141364959789,1041.4457586552296,4030.934825881557,490607.02222222224,829.8361038332638,414.9180519166319,0.9687848350375368,0.9259359162085407,0.26580380279195226,mRNA
BK012912.1,788.0000000000006,520.6307424502434,5181.727857064754,1.4385033940711318,0.16666666666666655,5.3119857043353695,793.8967187235378,794.9061237322769,113.23055613078122,209.78219012236116,520.6307424502434,1132.8114810881425,5180.289353670683,631875.7455470739,923.0292909657813,461.51464548289067,1.0074831455882451,1.0103427230924142,0.25850564292679507,mRNA
BK012913.1,964.0000000000002,711.6801348181541,7597.043090019325,2.8578518318723254,0.16666666666666663,5.829908884383541,949.2059839676529,950.1921722689386,141.3448132283909,280.25583293201265,711.6801348181541,1381.7864855426621,7594.185238187452,902865.1642411645,1101.5306526106494,550.7653263053247,0.9846535103398886,0.7974661014898681,0.27617736215328087,mRNA
BK012914.1,478.00000000000017,319.60689317086525,3876.2454922362217,0.41428844895189015,0.16666666666666663,4.068477765027828,483.41286701948667,484.4273757261671,100.83684685051159,154.3519003142718,319.60689317086525,621.5385024556927,3875.8312037872697,234669.8823529411,467.18660214142085,233.59330107071042,1.0113239895805157,0.9829678788178594,0.24003131453639243,mRNA
BK012915.1,532.0000000000002,396.1403136725068,3248.005209023924,2.7221820926719977,0.1666666666666666,4.263565564838227,498.73439825221595,499.67452047817517,108.61599121592914,187.17966445037476,396.1403136725068,712.4349862892066,3245.283026931252,249674.6264150943,525.2553218388318,262.6276609194159,0.9374706734064205,0.817226685006721,0.251566293591637,mRNA
BK012916.1,943.9999999999997,647.1860479701477,7559.89198506477,1.5018100113021382,0.16666666666666674,5.795188188388387,958.1064659003194,959.1230247707722,152.20936338451267,268.181854910521,647.1860479701477,1333.0112588883912,7558.390175053468,919916.9766454352,1064.8294039778702,532.4147019889351,1.014943290148644,0.9293767318988083,0.26117872544800136,mRNA
BK012917.1,971.9999999999997,675.5010364347202,6045.834283891641,1.2672456695519219,0.1666666666666667,5.898551538703244,975.0405119788612,976.0451907739669,138.4546670482603,253.18058057856302,675.5010364347202,1400.5123100456958,6044.567038222089,952664.2144329894,1147.3317294671328,573.6658647335664,1.0031280987436848,0.9122665979186747,0.2631328736440968,mRNA
BK012918.1,955.9999999999999,618.7903210590624,10403.999999999996,1.6920515855190292,0.16666666666666669,5.9003593728862445,1093.4130052272103,1094.558540381852,147.84673633579666,266.8663663591175,618.7903210590624,1273.2857525074323,10402.307948414478,1198058.3983228505,1006.4193861483149,503.2096930741574,1.143737453166538,0.9252030403759435,0.23241771560692145,mRNA
BK012919.1,930.0000000000008,683.7237824379436,6844.306774463854,1.333204644908774,0.16666666666666652,5.70783182499448,904.1769738275798,905.1507780665511,138.37448088447235,269.00420965851976,683.7237824379436,1279.4604773689257,6842.973569818945,819297.9310344828,1010.4562677104059,505.22813385520294,0.9722333051909452,0.8171283654333152,0.25808389995214953,mRNA
BK012920.1,968.0000000000003,659.2615623397061,9509.77858496988,0.14696229182950912,0.16666666666666663,5.911140513740889,1063.684163650094,1064.7847166228594,144.945327101192,256.5688941108568,659.2615623397061,1233.0522028268674,9509.63162267805,1133766.492753623,976.4833087160107,488.24165435800535,1.0988472764980306,0.870761589420041,0.2320538079942546,mRNA
BK012921.1,569.9999999999998,355.06981967915397,4583.402401787645,3.4041507390910026,0.16666666666666674,4.497123393566501,600.4931306851062,601.549407896679,112.4026845596016,170.99115195621013,355.06981967915397,782.7591347092932,4579.998251048554,361861.6901408451,611.7679827530831,305.88399137654153,1.0534967205001866,1.0737683880361664,0.24722529173444496,mRNA
BK012922.1,807.9999999999995,498.7815630910236,4778.223127727874,3.92269110206445,0.16666666666666674,5.37514527983099,832.3749155278525,833.4069988945685,129.41466681641103,220.10481980688579,498.7815630910236,1081.3772337289013,4774.30043662581,694567.2258064513,861.2724139220155,430.63620696100776,1.0301669746631843,1.114468124184945,0.23151229473351,mRNA
BK012923.1,809.9999999999995,569.5069432540919,6801.939251594358,1.49653560896296,0.16666666666666677,5.3621934119140615,839.8190281245119,840.8577657239169,132.32931616686588,226.56389765795814,569.5069432540919,1138.8445464603026,6800.442715985395,707041.7821782175,912.2806488023444,456.1403244011722,1.0368136149685339,0.8590888585234059,0.26257037978784104,mRNA
BK012924.1,958.0,649.5556250234329,4931.655393553942,4.613149492080131,0.16666666666666666,5.852844293690284,970.1587498961186,971.1730300998402,136.4685253536494,256.96432125892335,649.5556250234329,1331.2593449534086,4927.042244061862,943177.054393305,1074.2950236944853,537.1475118472426,1.0126918057370757,0.9537955772998832,0.2517560908247824,mRNA
BK012925.1,899.9999999999997,606.9747424397326,6232.243210346911,1.633351575978476,0.16666666666666674,5.692061673377373,941.1227337600553,942.170171740065,134.65099620095262,247.0898979479678,606.9747424397326,1181.5242393558656,6230.609858770932,887684.6325167037,934.4343414078978,467.2171707039489,1.045691926400062,0.9340713396313797,0.23004890506985384,mRNA
BK012926.1,889.9999999999993,640.6891787497818,4570.546894845745,2.8128026111757527,0.1666666666666668,5.572145472412076,839.1900857374329,840.1345881024814,146.77525309700806,290.7855844922898,640.6891787497818,1223.2460804795041,4567.734092234569,705826.1261261262,932.4604959872144,466.2302479936072,0.9429102086937455,0.8912551237940467,0.22647498666039206,mRNA
BK012927.1,876.0,575.686949417552,4671.999999999999,3.2662257122908978,0.16666666666666666,5.560362850042844,853.6322393162058,854.6083771300569,152.25863130971447,254.07062270312463,575.686949417552,1218.745471645789,4668.733774287708,730355.4782608694,964.6748489426643,482.33742447133216,0.9744660266166733,1.0554183760316187,0.23616601784852692,mRNA
BK012928.1,763.9999999999999,488.3682374780323,4759.820032821611,0.3239593600779808,0.16666666666666669,5.27599838248215,800.9294600649922,801.9798598082482,108.76572323491833,187.05382390421877,488.3682374780323,1128.4638152867665,4759.496073461532,643171.6955380575,941.4099913825477,470.70499569127384,1.0483369896138643,1.0324196184502983,0.2677009703933545,mRNA
BK012929.1,826.0000000000001,521.7337995800325,6994.0,2.0171462403563467,0.16666666666666663,5.473606517461067,891.1385975256597,892.2194209641655,118.70071119940651,199.36326405533708,521.7337995800325,1113.0892797681427,6991.982853759644,796055.4951456308,913.7260157128055,456.86300785640276,1.0788602875613313,1.0243059876369225,0.2299543916777735,mRNA
BK012930.1,696.0000000000002,507.7750319023104,4886.422894971087,2.184851994387263,0.1666666666666666,4.908176007316537,672.6306564527073,673.599167618781,132.46342830580016,202.93037983652073,507.7750319023104,954.691671177809,4884.2380429767,453735.8386167147,751.7612913412883,375.8806456706441,0.9664233569722802,0.8395021827744656,0.2562694057624096,mRNA
BK012931.1,809.9999999999997,553.5040630328806,6093.055664801334,0.5015213803196689,0.16666666666666674,5.3422016828201055,806.2654649679595,807.2627015457425,130.2825278967823,232.89593361178416,553.5040630328806,1098.1166047285506,6092.5541434210145,651673.0693069305,865.2206711167664,432.6103355583832,0.9953894629234071,0.9543851799877553,0.232038651002232,mRNA
BK012932.1,865.9999999999995,583.2988494127004,5316.978237401197,0.08211429025933092,0.16666666666666677,5.53417184591516,872.2384994942611,873.2474512479904,148.7830232384872,228.3766522541714,583.2988494127004,1259.9817752265255,5316.896123110937,762561.1111111114,1031.6051229723541,515.8025614861771,1.007203810039563,0.9723297610156424,0.26673307125145695,mRNA
BK012933.1,793.9999999999997,587.7314517776315,6404.851475407906,1.8702312422509768,0.16666666666666674,5.311774478991448,814.203905664914,815.2312927053653,115.86907296961436,225.44906117877093,587.7314517776315,1076.963447773199,6402.981244165655,664602.0606060609,851.5143865944281,425.75719329721403,1.0254457250187838,0.7600131126388556,0.26260972631504614,mRNA
BK012934.1,725.9999999999993,462.05953127168175,7929.999999999999,0.9649018361415548,0.16666666666666682,5.149357583059675,822.0024330864234,823.137012554085,105.45338938037506,192.50490304984314,462.05953127168175,996.4577648959169,7929.035098163858,677554.541436464,803.9528618460737,401.97643092303684,1.1322347563173887,0.9632835309402332,0.24579202336321015,mRNA
BK012935.1,749.9999999999997,542.5640646055101,3823.440728082869,2.076058065069049,0.16666666666666674,5.067471246105697,691.6820078619943,692.6060991329413,159.07603926607445,248.70565868774776,542.5640646055101,1070.3079597622889,3821.3646700178,479703.20855614974,821.6023010745412,410.8011505372706,0.9222426771493262,0.8997021739903819,0.27402737404539446,mRNA
BK012936.1,812.0000000000006,577.4259244936128,3562.8742397634883,3.1718913138838585,0.16666666666666657,5.3025090506617945,746.9832662114994,747.904899216207,146.47116446270994,223.6139018469424,577.4259244936128,1123.465598072355,3559.7023484496044,559361.7382716048,899.8516962254126,449.9258481127063,0.9199301308023385,0.9420856642321526,0.2555008327495965,mRNA
